source,destination,weight
0,1,610.0
1,2,960.0
2,3,960.0
3,4,960.0
4,5,960.0
5,6,960.0
6,7,950.0
7,8,960.0
8,9,960.0
9,10,960.0
10,11,950.0
11,12,10.0
12,13,960.0
13,14,970.0
14,15,950.0
14,16,10.0
15,14,960.0
16,17,960.0
17,18,960.0
18,19,960.0
19,20,960.0
20,21,960.0
21,22,960.0
22,23,960.0
23,24,960.0
24,25,960.0
25,26,960.0
26,27,950.0
27,28,960.0
28,29,960.0
29,30,960.0
30,31,950.0
31,32,10.0
32,33,960.0
33,34,960.0
34,35,960.0
35,36,960.0
36,37,960.0
37,38,960.0
38,39,960.0
39,40,960.0
40,41,960.0
41,42,960.0
42,43,970.0
43,44,950.0
44,45,10.0
44,46,960.0
45,44,960.0
46,47,960.0
47,48,960.0
48,49,950.0
49,50,960.0
50,51,970.0
51,52,960.0
52,53,960.0
53,54,960.0
54,55,960.0
55,56,960.0
56,57,960.0
57,58,960.0
58,59,960.0
59,60,960.0
60,61,960.0
61,62,960.0
62,63,960.0
63,64,960.0
64,65,960.0
65,66,960.0
66,67,960.0
67,68,950.0
68,69,960.0
69,70,960.0
70,71,970.0
71,72,950.0
72,73,10.0
73,74,960.0
73,75,960.0
74,73,960.0
75,76,960.0
76,77,960.0
77,78,960.0
78,79,960.0
79,80,960.0
80,81,960.0
81,82,960.0
82,83,960.0
83,84,960.0
84,85,950.0
85,86,960.0
86,87,960.0
87,88,960.0
88,89,960.0
89,90,960.0
90,91,960.0
91,92,960.0
92,93,950.0
93,94,960.0
94,95,960.0
95,96,950.0
96,97,10.0
97,98,960.0
98,99,10.0
99,100,950.0
100,101,970.0
101,102,950.0
102,103,10.0
103,104,960.0
104,105,960.0
104,106,960.0
105,104,960.0
106,107,960.0
107,108,960.0
108,109,960.0
109,110,960.0
110,111,960.0
111,112,960.0
112,113,960.0
113,114,960.0
114,115,950.0
115,116,960.0
116,117,960.0
117,118,960.0
118,119,960.0
119,120,960.0
120,121,960.0
121,122,960.0
122,123,960.0
123,124,960.0
124,125,960.0
125,126,960.0
126,127,960.0
127,128,960.0
128,129,950.0
129,130,10.0
130,131,960.0
131,132,960.0
132,133,960.0
133,134,960.0
134,135,960.0
135,136,960.0
136,137,960.0
137,138,960.0
138,139,960.0
139,140,960.0
140,141,960.0
141,142,960.0
142,143,960.0
143,144,960.0
144,145,960.0
145,146,950.0
146,147,960.0
147,148,960.0
148,149,960.0
149,150,960.0
150,151,960.0
151,152,960.0
152,153,960.0
153,154,960.0
154,155,960.0
155,156,960.0
156,157,960.0
157,158,960.0
158,159,950.0
159,160,10.0
160,161,960.0
161,162,960.0
162,163,960.0
162,164,960.0
163,162,960.0
164,165,960.0
165,166,960.0
166,167,950.0
167,168,960.0
168,169,960.0
169,170,960.0
170,171,960.0
171,172,960.0
172,173,970.0
173,174,960.0
174,175,960.0
175,176,960.0
176,177,960.0
177,178,960.0
178,179,960.0
179,180,950.0
180,181,10.0
181,182,960.0
182,183,960.0
183,184,960.0
184,185,960.0
185,186,960.0
186,187,950.0
187,188,960.0
188,189,10.0
189,190,960.0
190,191,960.0
191,192,960.0
192,193,960.0
192,194,960.0
193,192,950.0
194,195,10.0
195,196,960.0
196,197,950.0
197,198,960.0
198,199,960.0
199,200,10.0
199,201,950.0
200,199,960.0
201,202,950.0
202,203,10.0
203,204,960.0
204,205,10.0
205,206,950.0
206,207,960.0
207,208,960.0
208,209,10.0
209,210,950.0
210,211,950.0
211,212,10.0
212,213,950.0
213,214,10.0
214,215,940.0
215,216,20.0
216,217,960.0
217,218,960.0
218,219,960.0
219,220,960.0
219,221,900.0
220,219,50.0
221,222,960.0
221,222,690.0
222,221,10.0
222,223,260.0
223,224,960.0
224,225,960.0
225,226,960.0
226,227,960.0
227,228,960.0
228,229,960.0
229,230,960.0
230,231,960.0
230,232,960.0
230,232,960.0
230,232,960.0
230,232,960.0
230,232,960.0
230,232,950.0
230,232,960.0
230,233,960.0
231,232,960.0
232,230,970.0
232,230,950.0
232,230,960.0
232,230,960.0
232,230,960.0
232,230,960.0
232,230,960.0
232,230,960.0
233,234,960.0
234,235,960.0
235,236,960.0
236,237,960.0
237,238,950.0
238,239,960.0
239,240,960.0
240,241,960.0
241,242,960.0
242,243,960.0
243,244,960.0
244,245,970.0
245,246,960.0
246,247,960.0
247,248,950.0
248,249,960.0
249,250,960.0
250,251,960.0
251,252,960.0
252,253,960.0
253,254,960.0
254,255,960.0
255,256,960.0
256,257,960.0
257,258,960.0
258,259,960.0
259,260,960.0
260,261,960.0
261,262,960.0
262,263,960.0
263,264,960.0
264,265,950.0
265,266,960.0
266,267,960.0
267,268,960.0
268,269,950.0
269,270,960.0
270,271,960.0
271,272,960.0
272,273,970.0
273,274,960.0
274,275,960.0
275,276,950.0
276,277,960.0
277,278,960.0
278,279,960.0
279,280,960.0
280,281,960.0
281,282,960.0
282,283,960.0
283,284,960.0
284,285,960.0
285,286,960.0
286,287,950.0
287,288,960.0
288,289,960.0
289,290,960.0
290,291,960.0
291,292,960.0
292,293,960.0
293,294,960.0
294,295,960.0
295,296,960.0
296,297,1130.0
297,298,1140.0
298,299,1140.0
299,300,1140.0
300,301,1130.0
301,302,1140.0
302,303,1140.0
303,304,1130.0
304,305,1140.0
305,306,1140.0
306,307,1130.0
307,308,1140.0
308,309,970.0
309,310,5150.0
310,311,960.0
311,312,960.0
312,313,960.0
313,314,960.0
314,315,970.0
315,316,960.0
316,317,960.0
317,318,950.0
318,319,960.0
319,320,960.0
320,321,960.0
321,322,960.0
322,323,960.0
323,324,960.0
324,325,960.0
325,326,960.0
326,327,960.0
327,328,960.0
328,329,960.0
329,330,960.0
330,331,960.0
331,332,960.0
332,333,960.0
333,334,950.0
334,335,960.0
335,336,960.0
336,337,960.0
337,338,970.0
338,339,960.0
339,340,960.0
340,341,960.0
341,342,960.0
342,343,960.0
343,344,960.0
344,345,960.0
345,346,950.0
346,347,970.0
347,348,960.0
348,349,960.0
349,350,960.0
350,351,960.0
351,352,950.0
352,353,960.0
353,354,960.0
354,355,960.0
355,356,960.0
356,357,950.0
357,358,960.0
358,359,960.0
359,360,960.0
360,361,960.0
361,362,960.0
362,363,960.0
363,364,960.0
364,365,960.0
365,366,970.0
366,367,960.0
367,368,950.0
368,369,970.0
369,370,960.0
370,371,960.0
371,372,960.0
372,373,960.0
373,374,960.0
374,375,960.0
375,376,960.0
376,377,960.0
377,378,950.0
378,379,960.0
379,380,960.0
380,381,960.0
381,382,960.0
382,383,960.0
383,384,960.0
384,385,960.0
385,386,960.0
386,387,960.0
387,388,960.0
388,389,970.0
389,390,960.0
390,391,960.0
391,392,960.0
392,393,960.0
393,394,970.0
394,395,960.0
395,396,950.0
396,397,960.0
397,398,960.0
398,399,960.0
399,400,960.0
400,401,960.0
401,402,960.0
402,403,960.0
403,404,960.0
404,405,960.0
405,406,960.0
406,407,960.0
407,408,960.0
408,409,960.0
409,410,960.0
410,411,960.0
411,412,960.0
412,413,960.0
413,414,960.0
414,415,960.0
415,416,960.0
416,417,950.0
417,418,960.0
418,419,960.0
419,420,960.0
420,421,960.0
421,422,970.0
422,423,960.0
423,424,960.0
424,425,960.0
425,426,960.0
426,427,960.0
427,428,960.0
428,429,960.0
429,430,960.0
430,431,960.0
431,432,960.0
432,433,960.0
433,434,950.0
434,435,960.0
435,436,960.0
436,437,970.0
437,438,960.0
438,439,960.0
439,440,950.0
440,441,970.0
441,442,950.0
442,443,960.0
443,444,960.0
444,445,960.0
445,446,950.0
446,447,960.0
447,448,960.0
448,449,960.0
449,450,970.0
450,451,960.0
451,452,960.0
452,453,960.0
453,454,960.0
454,455,960.0
455,456,950.0
456,457,960.0
457,458,960.0
458,459,970.0
459,460,960.0
460,461,960.0
461,462,960.0
462,463,960.0
463,464,960.0
464,465,960.0
465,466,960.0
466,467,960.0
467,468,950.0
468,469,960.0
469,470,960.0
470,471,970.0
471,472,960.0
472,473,960.0
473,474,960.0
474,475,960.0
475,476,960.0
476,477,960.0
477,478,970.0
478,479,960.0
479,480,960.0
480,481,960.0
481,482,960.0
482,483,960.0
483,484,960.0
484,485,950.0
485,486,960.0
486,487,960.0
487,488,960.0
488,489,960.0
489,490,960.0
490,491,960.0
491,492,960.0
492,493,960.0
493,494,960.0
494,495,960.0
495,496,960.0
496,497,950.0
497,498,960.0
498,499,970.0
499,500,960.0
500,501,960.0
501,502,960.0
502,503,960.0
503,504,960.0
504,505,960.0
505,506,970.0
506,507,950.0
507,508,960.0
508,509,960.0
509,510,960.0
510,511,960.0
511,512,960.0
512,513,960.0
513,514,960.0
514,515,960.0
515,516,960.0
516,517,960.0
517,518,950.0
518,519,960.0
519,520,970.0
520,521,960.0
521,522,960.0
522,523,950.0
523,524,960.0
524,525,960.0
525,526,960.0
526,527,960.0
527,528,960.0
528,529,960.0
529,530,960.0
530,531,960.0
531,532,950.0
532,533,960.0
533,534,970.0
534,535,960.0
535,536,960.0
536,537,960.0
537,538,950.0
538,539,960.0
539,540,960.0
540,541,960.0
541,542,960.0
542,543,960.0
543,544,960.0
544,545,960.0
545,546,960.0
546,547,960.0
547,548,960.0
548,549,960.0
549,550,960.0
550,551,960.0
551,552,960.0
552,553,960.0
553,554,960.0
554,555,950.0
555,556,960.0
556,557,960.0
557,558,960.0
558,559,960.0
559,560,960.0
560,561,960.0
561,562,970.0
562,563,960.0
563,564,960.0
564,565,960.0
565,566,950.0
566,567,960.0
567,568,960.0
568,569,960.0
569,570,960.0
570,571,960.0
571,572,960.0
572,573,960.0
573,574,960.0
574,575,960.0
575,576,960.0
576,577,960.0
577,578,950.0
578,579,960.0
579,580,960.0
580,581,960.0
581,582,960.0
582,583,960.0
583,584,960.0
584,585,960.0
585,586,960.0
586,587,960.0
587,588,960.0
588,589,960.0
589,590,970.0
590,591,960.0
591,592,960.0
592,593,960.0
593,594,950.0
594,595,960.0
595,596,960.0
596,597,960.0
597,598,960.0
598,599,960.0
599,600,960.0
600,601,960.0
601,602,960.0
602,603,960.0
603,604,960.0
604,605,950.0
605,606,960.0
606,607,960.0
607,608,960.0
608,609,960.0
609,610,960.0
610,611,960.0
611,612,960.0
612,613,960.0
613,614,960.0
614,615,960.0
615,616,950.0
616,617,960.0
617,618,980.0
618,619,960.0
619,620,960.0
620,621,960.0
621,622,940.0
622,623,960.0
623,624,960.0
624,625,960.0
625,626,960.0
626,627,960.0
627,628,960.0
628,629,960.0
629,630,960.0
630,631,960.0
631,632,960.0
632,633,960.0
633,634,960.0
634,635,950.0
635,636,960.0
636,637,960.0
637,638,960.0
638,639,960.0
639,640,960.0
640,641,960.0
641,642,960.0
642,643,960.0
643,644,960.0
644,645,960.0
645,646,960.0
646,647,960.0
647,648,960.0
648,649,960.0
649,650,960.0
650,651,960.0
651,652,960.0
652,653,960.0
653,654,960.0
654,655,960.0
655,656,960.0
656,657,950.0
657,658,960.0
658,659,960.0
659,660,960.0
660,661,960.0
661,662,960.0
662,663,960.0
663,664,960.0
664,665,960.0
665,666,960.0
666,667,960.0
667,668,950.0
668,669,970.0
669,670,2130.0
670,671,960.0
671,672,960.0
672,673,970.0
673,674,960.0
674,675,960.0
675,676,960.0
676,677,960.0
677,678,960.0
678,679,960.0
679,680,960.0
680,681,960.0
681,682,950.0
682,683,960.0
683,684,960.0
684,685,960.0
685,686,960.0
686,687,960.0
687,688,960.0
688,689,960.0
689,690,960.0
690,691,960.0
691,692,960.0
692,693,950.0
693,694,970.0
694,695,960.0
695,696,960.0
696,697,960.0
697,698,960.0
698,699,950.0
699,700,960.0
700,701,970.0
701,702,960.0
702,703,960.0
703,704,960.0
704,705,960.0
705,706,960.0
706,707,960.0
707,708,960.0
708,709,960.0
709,710,950.0
710,711,950.0
711,712,960.0
712,713,960.0
713,714,960.0
714,715,960.0
715,716,960.0
716,717,960.0
717,718,960.0
718,719,960.0
719,720,960.0
720,721,960.0
721,722,960.0
722,723,960.0
723,724,960.0
724,725,960.0
725,726,960.0
726,727,950.0
727,728,960.0
728,729,970.0
729,730,960.0
730,731,970.0
731,732,960.0
732,733,950.0
733,734,960.0
734,735,960.0
735,736,960.0
736,737,960.0
737,738,960.0
738,739,960.0
739,740,960.0
740,741,960.0
741,742,960.0
742,743,960.0
743,744,950.0
744,745,960.0
745,746,960.0
746,747,960.0
747,748,960.0
748,749,960.0
749,750,960.0
750,751,960.0
751,752,960.0
752,753,960.0
753,754,960.0
754,755,960.0
755,756,960.0
756,757,960.0
757,758,960.0
758,759,960.0
759,760,960.0
760,761,960.0
761,762,960.0
762,763,960.0
763,764,960.0
764,765,960.0
765,766,960.0
766,767,960.0
767,768,960.0
768,769,950.0
769,770,960.0
770,771,960.0
771,772,960.0
772,773,960.0
773,774,960.0
774,775,960.0
775,776,960.0
776,777,960.0
777,778,960.0
778,779,960.0
779,780,950.0
780,781,960.0
781,782,960.0
782,783,960.0
783,784,970.0
784,785,970.0
785,786,950.0
786,787,960.0
787,788,960.0
788,789,960.0
789,790,960.0
790,791,960.0
791,792,960.0
792,793,960.0
793,794,960.0
794,795,960.0
795,796,960.0
796,797,960.0
797,798,950.0
798,799,960.0
799,800,960.0
800,801,950.0
801,802,960.0
802,803,960.0
803,804,960.0
804,805,960.0
805,806,960.0
806,807,960.0
807,808,960.0
808,809,960.0
809,810,960.0
810,811,960.0
811,812,960.0
812,813,970.0
813,814,960.0
814,815,960.0
815,816,960.0
816,817,960.0
817,818,960.0
818,819,960.0
819,820,950.0
820,821,960.0
821,822,960.0
822,823,960.0
823,824,960.0
824,825,960.0
825,826,960.0
826,827,960.0
827,828,960.0
828,829,960.0
829,830,950.0
830,831,970.0
831,832,960.0
832,833,960.0
833,834,960.0
834,835,960.0
835,836,950.0
836,837,960.0
837,838,960.0
838,839,960.0
839,840,960.0
840,841,970.0
841,842,960.0
842,843,960.0
843,844,960.0
844,845,960.0
845,846,960.0
846,847,960.0
847,848,950.0
848,849,960.0
849,850,960.0
850,851,960.0
851,852,960.0
852,853,960.0
853,854,960.0
854,855,960.0
855,856,960.0
856,857,960.0
857,858,960.0
858,859,950.0
859,860,960.0
860,861,970.0
861,862,960.0
862,863,960.0
863,864,960.0
864,865,960.0
865,866,960.0
866,867,960.0
867,868,960.0
868,869,970.0
869,870,960.0
870,871,960.0
871,872,960.0
872,873,960.0
873,874,960.0
874,875,960.0
875,876,960.0
876,877,950.0
877,878,960.0
878,879,960.0
879,880,960.0
880,881,960.0
881,882,960.0
882,883,960.0
883,884,960.0
884,885,960.0
885,886,960.0
886,887,960.0
887,888,960.0
888,889,960.0
889,890,960.0
890,891,950.0
891,892,960.0
892,893,960.0
893,894,960.0
894,895,960.0
895,896,960.0
896,897,970.0
897,898,960.0
898,899,960.0
899,900,950.0
900,901,960.0
901,902,960.0
902,903,960.0
903,904,960.0
904,905,960.0
905,906,960.0
906,907,960.0
907,908,960.0
908,909,960.0
909,910,950.0
910,911,960.0
911,912,970.0
912,913,960.0
913,914,960.0
914,915,950.0
915,916,960.0
916,917,960.0
917,918,960.0
918,919,960.0
919,920,960.0
920,921,960.0
921,922,960.0
922,923,960.0
923,924,960.0
924,925,970.0
925,926,960.0
926,927,960.0
927,928,960.0
928,929,960.0
929,930,960.0
930,931,1070.0
931,932,960.0
932,933,960.0
933,934,960.0
934,935,960.0
935,936,960.0
936,937,960.0
937,938,960.0
938,939,960.0
939,940,960.0
940,941,960.0
941,942,950.0
942,943,960.0
943,944,970.0
944,945,960.0
945,946,960.0
946,947,960.0
947,948,950.0
948,949,960.0
949,950,970.0
950,951,960.0
951,952,960.0
952,953,960.0
953,954,960.0
954,955,960.0
955,956,950.0
956,957,960.0
957,958,960.0
958,959,970.0
959,960,960.0
960,961,960.0
961,962,960.0
962,963,960.0
963,964,960.0
964,965,960.0
965,966,960.0
966,967,950.0
967,968,960.0
968,969,960.0
969,970,960.0
970,971,960.0
971,972,960.0
972,973,960.0
973,974,960.0
974,975,960.0
975,976,960.0
976,977,960.0
977,978,960.0
978,979,950.0
979,980,960.0
980,981,950.0
981,982,960.0
982,983,960.0
983,984,960.0
984,985,960.0
985,986,960.0
986,987,970.0
987,988,960.0
988,989,960.0
989,990,960.0
990,991,960.0
991,992,960.0
992,993,960.0
993,994,960.0
994,995,960.0
995,996,960.0
996,997,960.0
997,998,960.0
998,999,960.0
999,1000,960.0
1000,1001,960.0
1001,1002,960.0
1002,1003,950.0
1003,1004,960.0
1004,1005,970.0
1005,1006,960.0
1006,1007,13580.0
1007,1008,265110.0
1008,1009,520.0
1009,1010,80.0
1010,1011,100.0
1011,1012,140.0
1012,1013,91300.0
1013,1014,110.0
1014,1015,20.0
1015,1016,950.0
1016,1017,10.0
1017,1018,920.0
1018,1019,20.0
1019,1020,10.0
1020,1021,10.0
1021,1022,410.0
1022,1023,170.0
1023,1024,380.0
1024,1025,800.0
1025,1026,150.0
1026,1027,10.0
1027,1028,880.0
1028,1029,80.0
1029,1030,540.0
1030,1031,420.0
1031,1032,730.0
1032,1033,230.0
1033,1034,220.0
1034,1035,380.0
1035,1036,350.0
1036,1037,10.0
1037,1038,370.0
1037,1038,90.0
1038,1037,500.0
1038,1039,740.0
1038,1040,230.0
1039,1038,260.0
1040,1041,700.0
1041,1042,80.0
1042,1043,770.0
1042,1043,100.0
1042,1044,10.0
1042,1045,170.0
1043,1042,790.0
1043,1042,890.0
1044,1042,60.0
1045,1046,10.0
1046,1047,290.0
1047,1048,680.0
1047,1049,180.0
1048,1047,10.0
1049,1050,570.0
1049,1050,200.0
1049,1050,160.0
1049,1050,90.0
1050,1049,710.0
1050,1049,880.0
1050,1049,80.0
1050,1051,960.0
1051,1052,270.0
1052,1053,220.0
1052,1053,470.0
1052,1053,740.0
1052,1054,220.0
1053,1052,950.0
1053,1052,10.0
1053,1052,810.0
1054,1055,160.0
1054,1055,160.0
1054,1055,290.0
1054,1055,170.0
1054,1055,340.0
1054,1055,880.0
1054,1055,70.0
1055,1054,10.0
1055,1054,840.0
1055,1054,120.0
1055,1054,960.0
1055,1054,300.0
1055,1054,140.0
1055,1056,510.0
1056,1057,10.0
1056,1057,190.0
1056,1057,780.0
1056,1058,880.0
1057,1056,10.0
1057,1056,70.0
1057,1056,960.0
1058,1059,320.0
1058,1059,210.0
1059,1058,430.0
1059,1060,660.0
1060,1061,300.0
1061,1062,950.0
1062,1063,10.0
1062,1064,960.0
1063,1062,650.0
1064,1065,300.0
1065,1066,10.0
1065,1066,160.0
1065,1066,800.0
1065,1066,960.0
1065,1066,750.0
1065,1066,200.0
1066,1065,350.0
1066,1065,150.0
1066,1065,440.0
1066,1065,20.0
1066,1065,230.0
1066,1067,240.0
1067,1068,480.0
1067,1068,820.0
1067,1068,70.0
1067,1069,20.0
1068,1067,50.0
1068,1067,290.0
1068,1067,550.0
1069,1070,120.0
1069,1070,770.0
1069,1071,180.0
1069,1070,10.0
1069,1070,480.0
1070,1069,470.0
1070,1069,10.0
1070,1071,810.0
1070,1071,140.0
1070,1071,10.0
1070,1071,660.0
1071,1072,290.0
1071,1069,10.0
1071,1069,120.0
1071,1070,840.0
1071,1073,250.0
1072,1070,660.0
1073,1074,20.0
1073,1074,30.0
1073,1074,710.0
1073,1074,230.0
1073,1075,20.0
1074,1073,760.0
1074,1073,200.0
1074,1073,670.0
1074,1073,290.0
1075,1076,770.0
1075,1076,190.0
1075,1077,960.0
1076,1075,960.0
1076,1075,110.0
1077,1078,510.0
1078,1079,330.0
1078,1079,10.0
1078,1079,630.0
1078,1079,340.0
1078,1080,200.0
1079,1078,10.0
1079,1078,750.0
1079,1078,450.0
1079,1078,510.0
1080,1081,190.0
1080,1082,340.0
1081,1080,430.0
1082,1083,650.0
1082,1084,310.0
1083,1082,460.0
1084,1085,500.0
1085,1086,910.0
1085,1087,40.0
1086,1085,10.0
1087,1088,180.0
1087,1088,50.0
1087,1088,20.0
1087,1089,710.0
1088,1087,950.0
1088,1087,10.0
1088,1087,120.0
1089,1090,850.0
1090,1091,840.0
1090,1093,120.0
1091,1092,330.0
1092,1090,630.0
1093,1094,390.0
1093,1095,350.0
1094,1093,130.0
1095,1096,90.0
1096,1097,280.0
1097,1098,380.0
1097,1098,290.0
1097,1098,10.0
1097,1099,590.0
1098,1097,360.0
1098,1097,10.0
1098,1097,700.0
1099,1100,250.0
1099,1101,10.0
1100,1099,120.0
1100,1101,820.0
1101,1102,20.0
1101,1103,10.0
1102,1100,190.0
1103,1104,760.0
1104,1105,940.0
1105,1106,20.0
1106,1107,910.0
1106,1107,50.0
1106,1107,770.0
1106,1107,70.0
1107,1106,100.0
1107,1106,20.0
1107,1106,420.0
1107,1108,450.0
1108,1109,90.0
1109,1110,10.0
1110,1111,210.0
1111,1112,740.0
1112,1113,670.0
1113,1114,290.0
1113,1114,360.0
1114,1113,590.0
1114,1115,10.0
1115,1116,130.0
1115,1117,410.0
1115,1117,420.0
1115,1117,960.0
1115,1118,960.0
1116,1115,970.0
1117,1115,960.0
1117,1115,960.0
1117,1115,960.0
1118,1119,960.0
1119,1120,960.0
1119,1121,950.0
1119,1121,960.0
1120,1121,960.0
1121,1119,960.0
1121,1119,960.0
1121,1122,960.0
1122,1123,960.0
1123,1124,960.0
1124,1125,960.0
1125,1126,960.0
1126,1127,960.0
1127,1128,960.0
1127,1128,960.0
1127,1128,960.0
1128,1127,960.0
1128,1127,960.0
1128,1129,960.0
1129,1130,960.0
1130,1131,960.0
1131,1132,960.0
1132,1133,960.0
1133,1134,960.0
1133,1134,970.0
1133,1134,960.0
1133,1134,960.0
1133,1134,960.0
1134,1133,960.0
1134,1133,960.0
1134,1133,950.0
1134,1133,960.0
1134,1135,960.0
1135,1136,960.0
1135,1137,960.0
1136,1135,960.0
1137,1138,970.0
1137,1138,960.0
1138,1137,960.0
1138,1139,960.0
1139,1140,950.0
1139,1140,960.0
1139,1141,960.0
1139,1141,960.0
1139,1141,960.0
1139,1141,960.0
1139,1142,960.0
1140,1139,950.0
1140,1139,960.0
1141,1139,960.0
1141,1139,960.0
1141,1139,960.0
1141,1139,980.0
1142,1143,950.0
1142,1143,960.0
1142,1145,960.0
1143,1142,960.0
1143,1144,960.0
1144,1142,960.0
1145,1146,960.0
1146,1147,960.0
1147,1148,960.0
1147,1148,960.0
1147,1148,960.0
1147,1148,960.0
1147,1148,950.0
1147,1148,960.0
1147,1148,960.0
1147,1149,960.0
1148,1147,960.0
1148,1147,960.0
1148,1147,960.0
1148,1147,960.0
1148,1147,960.0
1148,1147,970.0
1148,1147,1140.0
1149,1150,1140.0
1149,1150,1130.0
1149,1151,1140.0
1150,1149,1140.0
1150,1149,1140.0
1151,1152,1140.0
1152,1153,1130.0
1152,1153,1140.0
1152,1153,1140.0
1153,1152,1140.0
1153,1152,1130.0
1153,1154,1140.0
1154,1155,1140.0
1155,1156,1130.0
1155,1156,1140.0
1155,1156,1140.0
1155,1157,1140.0
1156,1155,1140.0
1156,1155,1130.0
1156,1155,1140.0
1157,1158,1140.0
1158,1159,1130.0
1158,1160,1140.0
1159,1158,1140.0
1160,1161,1140.0
1161,1162,1130.0
1162,1163,1140.0
1163,1164,1140.0
1163,1164,1130.0
1163,1164,1130.0
1163,1164,1140.0
1163,1164,1140.0
1163,1164,1140.0
1163,1164,1130.0
1163,1164,1140.0
1163,1164,1140.0
1163,1164,1130.0
1163,1164,1140.0
1163,1164,1140.0
1163,1164,1140.0
1163,1164,1130.0
1164,1165,1140.0
1164,1165,1130.0
1164,1166,1140.0
1164,1163,1140.0
1164,1163,1130.0
1164,1163,1130.0
1164,1163,1140.0
1164,1163,1130.0
1164,1163,1140.0
1164,1163,1140.0
1164,1163,1140.0
1164,1163,1130.0
1164,1163,1130.0
1164,1163,1140.0
1164,1163,1140.0
1164,1167,1130.0
1165,1164,1150.0
1165,1164,1140.0
1166,1163,1130.0
1167,1168,1140.0
1167,1168,1140.0
1167,1168,1140.0
1167,1169,1130.0
1167,1168,1140.0
1167,1168,1140.0
1167,1168,1140.0
1167,1168,1130.0
1167,1168,1140.0
1167,1168,1140.0
1168,1167,1140.0
1168,1167,1130.0
1168,1167,1140.0
1168,1167,1140.0
1168,1167,1140.0
1168,1167,1130.0
1168,1167,1140.0
1168,1167,1130.0
1168,1169,1140.0
1169,1167,1140.0
1169,1170,250880.0
1170,1171,261370.0
1170,1171,680.0
1170,1171,2670.0
1170,1171,81630.0
1170,1171,5700.0
1170,1171,70.0
1170,1171,50.0
1170,1171,40.0
1170,1171,860.0
1170,1171,10.0
1170,1171,330.0
1170,1171,630.0
1170,1172,960.0
1171,1170,940.0
1171,1170,10.0
1171,1170,10.0
1171,1170,500.0
1171,1170,240.0
1171,1170,220.0
1171,1170,10.0
1171,1170,130.0
1171,1170,820.0
1171,1170,270.0
1171,1170,20.0
1171,1170,670.0
1172,1173,860.0
1172,1173,100.0
1172,1173,350.0
1172,1173,320.0
1172,1173,10.0
1172,1173,280.0
1172,1173,320.0
1172,1173,20.0
1172,1173,420.0
1172,1173,200.0
1172,1173,960.0
1172,1173,960.0
1172,1173,690.0
1172,1173,50.0
1172,1173,200.0
1172,1173,20.0
1172,1173,10.0
1172,1173,580.0
1172,1173,10.0
1172,1174,360.0
1173,1172,950.0
1173,1172,10.0
1173,1172,960.0
1173,1172,720.0
1173,1172,10.0
1173,1172,230.0
1173,1172,70.0
1173,1172,830.0
1173,1172,50.0
1173,1172,10.0
1173,1172,580.0
1173,1172,370.0
1173,1172,10.0
1173,1172,530.0
1173,1172,430.0
1173,1172,350.0
1173,1172,600.0
1173,1172,10.0
1173,1172,440.0
1174,1175,520.0
1174,1175,780.0
1174,1175,180.0
1174,1176,890.0
1175,1174,60.0
1175,1174,820.0
1175,1174,140.0
1176,1177,370.0
1177,1178,580.0
1178,1179,10.0
1178,1179,830.0
1178,1180,140.0
1179,1178,10.0
1179,1178,940.0
1179,1182,20.0
1180,1181,800.0
1180,1179,10.0
1181,1180,10.0
1182,1183,120.0
1182,1184,20.0
1183,1182,10.0
1184,1185,730.0
1184,1186,220.0
1184,1186,960.0
1184,1187,950.0
1185,1186,10.0
1186,1184,840.0
1186,1184,20.0
1186,1184,90.0
1187,1188,10.0
1187,1188,10.0
1187,1188,260.0
1187,1188,670.0
1187,1188,10.0
1187,1188,10.0
1187,1188,10.0
1187,1188,390.0
1187,1188,560.0
1187,1188,670.0
1187,1188,290.0
1187,1188,280.0
1187,1188,580.0
1187,1189,100.0
1188,1187,110.0
1188,1187,800.0
1188,1187,60.0
1188,1187,960.0
1188,1187,960.0
1188,1187,900.0
1188,1187,10.0
1188,1187,50.0
1188,1187,760.0
1188,1187,180.0
1188,1187,20.0
1188,1187,590.0
1188,1187,370.0
1189,1190,920.0
1189,1192,40.0
1190,1191,880.0
1191,1189,80.0
1192,1193,90.0
1192,1193,480.0
1192,1193,390.0
1192,1193,550.0
1192,1193,400.0
1192,1193,650.0
1192,1193,310.0
1192,1193,20.0
1192,1193,410.0
1192,1193,530.0
1192,1193,200.0
1192,1193,10.0
1192,1193,30.0
1192,1193,450.0
1192,1193,270.0
1192,1193,20.0
1192,1193,360.0
1193,1192,570.0
1193,1192,140.0
1193,1192,820.0
1193,1192,140.0
1193,1192,820.0
1193,1192,180.0
1193,1192,390.0
1193,1192,390.0
1193,1192,10.0
1193,1192,140.0
1193,1192,810.0
1193,1192,10.0
1193,1192,70.0
1193,1192,550.0
1193,1192,10.0
1193,1192,330.0
1193,1194,170.0
1194,1195,790.0
1194,1195,960.0
1194,1195,960.0
1194,1195,250.0
1194,1195,300.0
1194,1195,410.0
1194,1195,480.0
1194,1195,480.0
1194,1195,710.0
1194,1195,250.0
1194,1195,470.0
1194,1195,490.0
1194,1195,80.0
1195,1194,220.0
1195,1194,560.0
1195,1194,100.0
1195,1194,20.0
1195,1194,290.0
1195,1194,20.0
1195,1194,630.0
1195,1194,950.0
1195,1194,10.0
1195,1194,940.0
1195,1194,10.0
1195,1194,10.0
1195,1196,600.0
1196,1197,10.0
1196,1197,340.0
1196,1197,10.0
1196,1198,130.0
1197,1196,10.0
1197,1196,820.0
1197,1196,960.0
1198,1199,960.0
1199,1200,410.0
1199,1202,370.0
1199,1202,10.0
1200,1201,170.0
1200,1203,540.0
1201,1202,420.0
1202,1199,280.0
1202,1199,680.0
1202,1200,950.0
1203,1204,10.0
1204,1205,320.0
1205,1206,240.0
1205,1206,400.0
1205,1206,450.0
1205,1206,500.0
1205,1206,10.0
1205,1206,10.0
1205,1206,900.0
1206,1205,50.0
1206,1205,690.0
1206,1205,270.0
1206,1205,110.0
1206,1205,520.0
1206,1205,320.0
1206,1207,60.0
1207,1208,440.0
1207,1208,460.0
1207,1208,40.0
1208,1207,910.0
1208,1207,10.0
1208,1209,110.0
1209,1210,850.0
1209,1210,10.0
1209,1210,170.0
1209,1210,600.0
1210,1209,10.0
1210,1209,180.0
1210,1209,10.0
1210,1211,110.0
1211,1212,840.0
1211,1212,270.0
1211,1212,690.0
1211,1212,840.0
1211,1213,120.0
1211,1213,600.0
1212,1211,40.0
1212,1211,320.0
1212,1211,100.0
1212,1211,440.0
1213,1211,420.0
1213,1214,960.0
1214,1215,960.0
1215,1216,10.0
1216,1217,700.0
1217,1218,200.0
1218,1219,40.0
1219,1220,10.0
1219,1220,20.0
1219,1220,10.0
1220,1219,870.0
1220,1219,60.0
1220,1221,690.0
1221,1222,260.0
1222,1223,10.0
1222,1223,700.0
1222,1223,250.0
1223,1222,10.0
1223,1222,820.0
1223,1224,10.0
1224,1225,130.0
1225,1226,230.0
1225,1226,690.0
1226,1225,40.0
1226,1227,920.0
1226,1227,40.0
1227,1226,960.0
1227,1228,890.0
1228,1229,70.0
1229,1230,10.0
1229,1230,630.0
1230,1229,320.0
1230,1231,960.0
1231,1232,950.0
1231,1232,10.0
1232,1231,840.0
1232,1233,50.0
1233,1234,70.0
1233,1234,740.0
1233,1234,10.0
1234,1233,200.0
1234,1233,10.0
1234,1235,690.0
1235,1236,260.0
1235,1237,550.0
1236,1235,410.0
1237,1238,440.0
1237,1238,450.0
1238,1237,60.0
1238,1239,10.0
1239,1240,220.0
1240,1241,430.0
1240,1241,320.0
1240,1241,940.0
1240,1241,20.0
1240,1241,50.0
1241,1240,920.0
1241,1240,940.0
1241,1240,10.0
1241,1240,10.0
1241,1242,130.0
1242,1243,220.0
1243,1244,600.0
1243,1244,10.0
1243,1245,550.0
1244,1243,410.0
1244,1243,950.0
1245,1246,10.0
1245,1246,960.0
1245,1246,650.0
1245,1246,300.0
1246,1245,10.0
1246,1245,440.0
1246,1245,10.0
1246,1247,500.0
1247,1248,10.0
1247,1248,620.0
1247,1248,340.0
1248,1247,740.0
1248,1247,210.0
1248,1249,10.0
1249,1250,10.0
1250,1251,120.0
1250,1252,760.0
1251,1250,70.0
1252,1253,630.0
1253,1254,330.0
1254,1255,940.0
1255,1256,20.0
1256,1257,900.0
1257,1258,60.0
1258,1259,240.0
1259,1260,510.0
1260,1261,210.0
1261,1262,700.0
1262,1263,260.0
1263,1264,410.0
1264,1265,540.0
1265,1266,10.0
1266,1267,500.0
1267,1268,450.0
1268,1269,10.0
1269,1270,470.0
1270,1271,180.0
1271,1272,310.0
1272,1273,10.0
1273,1274,490.0
1274,1275,460.0
1275,1276,880.0
1276,1277,80.0
1277,1278,170.0
1278,1279,790.0
1279,1280,260.0
1280,1281,340.0
1281,1282,360.0
1282,1283,300.0
1283,1284,660.0
1284,1285,950.0
1285,1286,10.0
1286,1287,20.0
1287,1288,940.0
1288,1289,540.0
1289,1290,420.0
1290,1291,170.0
1291,1292,790.0
1292,1293,960.0
1293,1294,10.0
1294,1295,900.0
1295,1296,60.0
1296,1297,160.0
1297,1298,790.0
1298,1299,50.0
1299,1300,900.0
1300,1301,10.0
1301,1302,950.0
1302,1303,20.0
1303,1304,930.0
1304,1305,30.0
1305,1306,70.0
1306,1307,100.0
1307,1308,720.0
1308,1309,70.0
1309,1310,470.0
1310,1311,490.0
1311,1312,590.0
1312,1313,370.0
1313,1314,420.0
1314,1315,530.0
1315,1316,610.0
1316,1317,130.0
1317,1318,220.0
1318,1319,10.0
1319,1320,820.0
1320,1321,130.0
1321,1322,690.0
1322,1323,260.0
1323,1324,10.0
1324,1325,100.0
1325,1326,850.0
1326,1327,10.0
1327,1328,200.0
1328,1329,10.0
1329,1330,450.0
1330,1331,220.0
1331,1332,80.0
1332,1333,530.0
1333,1334,430.0
1334,1335,950.0
1335,1336,10.0
1336,1337,960.0
1337,1338,560.0
1338,1339,400.0
1339,1340,470.0
1340,1341,490.0
1341,1342,940.0
1342,1343,10.0
1343,1344,10.0
1344,1345,950.0
1345,1346,10.0
1346,1347,360.0
1347,1348,490.0
1348,1349,110.0
1349,1350,270.0
1350,1351,690.0
1351,1352,950.0
1352,1353,10.0
1353,1354,960.0
1354,1355,360.0
1355,1356,340.0
1356,1357,250.0
1357,1358,530.0
1358,1359,430.0
1359,1360,960.0
1360,1361,10.0
1361,1362,850.0
1362,1363,20.0
1363,1364,90.0
1364,1365,360.0
1365,1366,100.0
1366,1367,390.0
1367,1368,110.0
1368,1369,340.0
1369,1370,10.0
1370,1371,200.0
1371,1372,410.0
1372,1373,460.0
1373,1374,500.0
1374,1375,540.0
1375,1376,420.0
1376,1377,460.0
1377,1378,310.0
1378,1379,100.0
1379,1380,90.0
1380,1381,10.0
1381,1382,180.0
1382,1383,770.0
1383,1384,880.0
1384,1385,80.0
1385,1386,170.0
1386,1387,790.0
1387,1388,560.0
1388,1389,150.0
1389,1390,60.0
1390,1391,180.0
1391,1392,10.0
1392,1393,460.0
1393,1394,10.0
1394,1395,480.0
1395,1396,10.0
1396,1397,10.0
1397,1398,580.0
1398,1399,370.0
1399,1400,470.0
1400,1401,490.0
1401,1402,370.0
1402,1403,570.0
1403,1404,10.0
1404,1405,10.0
1405,1406,410.0
1406,1407,540.0
1407,1408,960.0
1408,1409,950.0
1409,1410,10.0
1410,1411,880.0
1411,1412,70.0
1412,1413,10.0
1413,1414,390.0
1414,1415,10.0
1415,1416,540.0
1416,1417,10.0
1416,1420,10.0
1416,1420,290.0
1416,1419,670.0
1416,1417,950.0
1416,1417,10.0
1417,1418,930.0
1417,1420,10.0
1417,1420,20.0
1417,1421,350.0
1417,1418,600.0
1417,1419,10.0
1417,1418,670.0
1417,1416,280.0
1417,1416,10.0
1417,1420,750.0
1418,1419,210.0
1418,1417,710.0
1418,1419,250.0
1418,1417,740.0
1418,1421,20.0
1418,1417,10.0
1418,1417,180.0
1418,1421,10.0
1418,1417,110.0
1418,1421,180.0
1418,1417,670.0
1419,1416,10.0
1419,1420,430.0
1419,1417,530.0
1419,1418,10.0
1419,1418,840.0
1420,1416,120.0
1420,1416,760.0
1420,1418,30.0
1420,1419,50.0
1420,1421,120.0
1420,1422,960.0
1421,1418,960.0
1421,1418,940.0
1421,1418,10.0
1421,1418,190.0
1421,1418,120.0
1422,1423,650.0
1423,1424,10.0
1424,1425,540.0
1425,1426,410.0
1426,1427,950.0
1427,1428,10.0
1428,1429,960.0
1429,1430,550.0
1430,1431,400.0
1431,1432,10.0
1432,1433,10.0
1432,1433,430.0
1432,1433,520.0
1432,1433,820.0
1432,1434,130.0
1432,1434,10.0
1432,1434,660.0
1433,1432,300.0
1433,1432,270.0
1433,1432,160.0
1433,1432,130.0
1434,1432,400.0
1434,1432,880.0
1434,1435,80.0
1435,1436,700.0
1436,1437,260.0
1436,1438,170.0
1437,1436,790.0
1438,1439,320.0
1438,1440,280.0
1438,1440,360.0
1438,1440,180.0
1438,1440,780.0
1438,1440,960.0
1438,1440,940.0
1438,1441,20.0
1439,1438,370.0
1440,1438,580.0
1440,1438,390.0
1440,1438,10.0
1440,1438,560.0
1440,1438,690.0
1440,1438,260.0
1441,1442,10.0
1441,1442,900.0
1441,1442,50.0
1441,1442,10.0
1441,1442,580.0
1442,1441,10.0
1442,1441,20.0
1442,1441,350.0
1442,1441,10.0
1442,1443,280.0
1443,1444,690.0
1443,1444,940.0
1444,1445,10.0
1444,1443,10.0
1444,1446,960.0
1444,1446,610.0
1445,1444,230.0
1446,1444,110.0
1446,1447,10.0
1447,1448,190.0
1448,1449,760.0
1448,1451,90.0
1449,1450,870.0
1450,1448,900.0
1451,1452,40.0
1452,1453,20.0
1453,1454,920.0
1453,1454,30.0
1453,1455,10.0
1453,1455,210.0
1453,1455,740.0
1454,1453,410.0
1454,1453,540.0
1455,1453,10.0
1455,1456,950.0
1455,1453,10.0
1455,1456,570.0
1456,1455,380.0
1456,1457,10.0
1457,1458,360.0
1458,1459,430.0
1458,1460,170.0
1459,1458,90.0
1460,1461,870.0
1461,1462,950.0
1462,1463,10.0
1463,1464,590.0
1464,1465,10.0
1464,1466,360.0
1465,1464,190.0
1466,1467,40.0
1467,1468,730.0
1468,1469,590.0
1468,1469,370.0
1468,1469,430.0
1469,1468,520.0
1469,1468,10.0
1469,1470,380.0
1470,1471,220.0
1471,1472,340.0
1471,1472,20.0
1472,1471,40.0
1472,1473,860.0
1473,1474,60.0
1474,1475,960.0
1474,1475,950.0
1474,1475,810.0
1475,1474,140.0
1475,1474,10.0
1475,1476,10.0
1476,1477,790.0
1476,1477,150.0
1477,1476,10.0
1477,1478,740.0
1478,1479,210.0
1479,1480,10.0
1479,1480,10.0
1480,1479,380.0
1480,1481,570.0
1481,1482,350.0
1481,1482,10.0
1481,1483,250.0
1482,1481,190.0
1482,1481,160.0
1483,1484,250.0
1483,1484,430.0
1483,1485,270.0
1484,1483,10.0
1484,1483,880.0
1485,1486,80.0
1486,1487,960.0
1487,1488,720.0
1488,1489,230.0
1489,1490,10.0
1490,1491,830.0
1490,1491,130.0
1490,1492,760.0
1491,1490,200.0
1491,1490,600.0
1492,1493,350.0
1493,1494,10.0
1493,1494,190.0
1494,1493,490.0
1494,1495,260.0
1495,1496,10.0
1495,1497,10.0
1496,1495,370.0
1497,1498,320.0
1498,1499,260.0
1498,1499,10.0
1499,1498,900.0
1499,1500,50.0
1500,1501,10.0
1501,1502,80.0
1502,1503,880.0
1503,1504,590.0
1504,1505,200.0
1504,1506,120.0
1505,1504,40.0
1506,1507,10.0
1506,1508,50.0
1507,1506,10.0
1508,1509,860.0
1509,1510,40.0
1510,1511,860.0
1511,1512,80.0
1512,1513,20.0
1512,1514,430.0
1513,1512,10.0
1514,1515,510.0
1515,1516,10.0
1516,1517,630.0
1516,1517,330.0
1516,1518,330.0
1517,1516,630.0
1517,1516,800.0
1518,1519,130.0
1518,1519,30.0
1518,1520,130.0
1519,1518,820.0
1519,1518,10.0
1520,1521,870.0
1520,1521,90.0
1520,1521,920.0
1521,1520,40.0
1521,1520,170.0
1521,1522,420.0
1522,1523,360.0
1523,1524,10.0
1524,1525,840.0
1524,1525,110.0
1524,1525,10.0
1525,1524,310.0
1525,1524,650.0
1525,1526,940.0
1526,1527,20.0
1527,1528,760.0
1528,1529,190.0
1528,1530,10.0
1528,1530,710.0
1529,1528,250.0
1530,1528,10.0
1530,1531,560.0
1531,1532,390.0
1532,1533,210.0
1532,1533,760.0
1533,1532,230.0
1533,1534,80.0
1534,1535,460.0
1534,1535,190.0
1535,1534,670.0
1535,1536,290.0
1536,1537,140.0
1536,1537,570.0
1536,1538,190.0
1537,1536,60.0
1537,1536,590.0
1538,1539,350.0
1538,1539,20.0
1538,1539,960.0
1538,1540,960.0
1539,1538,330.0
1539,1538,220.0
1539,1538,410.0
1540,1541,460.0
1541,1542,500.0
1542,1543,840.0
1543,1544,120.0
1543,1544,670.0
1544,1543,280.0
1544,1545,10.0
1545,1546,260.0
1545,1546,40.0
1545,1546,460.0
1545,1547,200.0
1546,1545,220.0
1546,1545,740.0
1546,1545,890.0
1547,1548,60.0
1547,1550,10.0
1548,1549,450.0
1548,1549,10.0
1548,1549,500.0
1548,1549,200.0
1549,1548,580.0
1549,1548,180.0
1549,1548,10.0
1549,1547,90.0
1550,1551,10.0
1550,1553,850.0
1550,1553,60.0
1550,1553,900.0
1550,1553,890.0
1551,1552,70.0
1552,1550,580.0
1553,1554,20.0
1553,1550,340.0
1553,1550,20.0
1553,1550,520.0
1553,1555,440.0
1554,1553,960.0
1555,1556,660.0
1556,1557,300.0
1556,1557,950.0
1556,1558,890.0
1557,1556,70.0
1557,1556,10.0
1558,1559,440.0
1558,1559,500.0
1558,1559,10.0
1558,1559,540.0
1558,1559,420.0
1558,1559,10.0
1558,1559,960.0
1558,1559,970.0
1558,1559,60.0
1559,1558,10.0
1559,1558,590.0
1559,1558,300.0
1559,1558,10.0
1559,1558,500.0
1559,1558,460.0
1559,1558,940.0
1559,1558,10.0
1559,1560,10.0
1560,1561,820.0
1560,1561,130.0
1560,1561,10.0
1560,1561,10.0
1560,1561,430.0
1560,1561,520.0
1560,1562,630.0
1561,1560,330.0
1561,1560,700.0
1561,1560,260.0
1561,1560,240.0
1561,1560,660.0
1561,1560,10.0
1562,1563,50.0
1562,1563,260.0
1562,1563,10.0
1563,1562,690.0
1563,1562,560.0
1563,1564,390.0
1563,1564,10.0
1564,1563,950.0
1564,1565,10.0
1565,1566,940.0
1566,1567,10.0
1567,1568,10.0
1567,1569,10.0
1568,1567,520.0
1569,1570,420.0
1569,1570,10.0
1569,1570,460.0
1569,1570,480.0
1569,1570,750.0
1569,1570,210.0
1570,1571,680.0
1570,1569,270.0
1570,1569,20.0
1570,1569,260.0
1570,1569,700.0
1570,1569,240.0
1570,1572,520.0
1570,1572,200.0
1571,1570,260.0
1572,1570,700.0
1572,1573,180.0
1573,1574,780.0
1574,1575,10.0
1575,1576,890.0
1576,1577,60.0
1577,1578,130.0
1578,1579,820.0
1579,1580,960.0
1580,1581,950.0
1580,1581,10.0
1580,1581,340.0
1581,1580,10.0
1581,1580,600.0
1581,1582,10.0
1582,1583,20.0
1582,1583,830.0
1582,1583,100.0
1582,1583,10.0
1582,1584,830.0
1583,1582,120.0
1583,1582,10.0
1583,1582,10.0
1583,1582,650.0
1584,1585,290.0
1584,1585,10.0
1584,1585,80.0
1585,1584,10.0
1585,1584,860.0
1585,1586,10.0
1586,1587,850.0
1586,1587,10.0
1586,1588,100.0
1587,1586,940.0
1587,1586,10.0
1588,1589,10.0
1589,1590,960.0
1590,1591,510.0
1590,1591,390.0
1591,1592,60.0
1591,1590,230.0
1591,1593,720.0
1591,1593,10.0
1592,1591,780.0
1592,1594,180.0
1593,1591,650.0
1593,1592,300.0
1594,1595,10.0
1595,1596,590.0
1596,1597,200.0
1596,1598,170.0
1597,1596,10.0
1598,1599,210.0
1599,1600,740.0
1599,1601,950.0
1599,1601,10.0
1599,1601,960.0
1599,1601,560.0
1599,1601,400.0
1599,1601,230.0
1599,1601,730.0
1600,1599,710.0
1601,1599,250.0
1601,1599,200.0
1601,1599,10.0
1601,1599,750.0
1601,1599,250.0
1601,1599,20.0
1601,1602,670.0
1602,1603,20.0
1603,1604,250.0
1603,1605,690.0
1604,1603,20.0
1605,1606,960.0
1606,1607,890.0
1607,1608,70.0
1608,1609,660.0
1608,1611,300.0
1608,1611,450.0
1608,1611,500.0
1608,1611,20.0
1608,1611,940.0
1608,1611,950.0
1608,1611,10.0
1608,1611,210.0
1609,1610,570.0
1609,1608,170.0
1609,1612,10.0
1610,1609,340.0
1611,1608,620.0
1611,1608,910.0
1611,1608,50.0
1611,1608,10.0
1611,1608,840.0
1611,1608,240.0
1611,1608,1130.0
1611,1609,1140.0
1612,1613,240.0
1612,1614,900.0
1613,1612,6580.0
1614,1615,950.0
1614,1615,10.0
1614,1615,960.0
1614,1615,480.0
1615,1614,470.0
1615,1614,10.0
1615,1614,550.0
1615,1616,10.0
1616,1617,400.0
1616,1618,420.0
1617,1616,540.0
1618,1619,910.0
1618,1619,40.0
1619,1618,10.0
1619,1620,60.0
1620,1621,420.0
1621,1622,470.0
1621,1622,10.0
1622,1621,960.0
1622,1623,950.0
1623,1624,10.0
1624,1625,940.0
1625,1626,10.0
1625,1627,10.0
1626,1625,180.0
1627,1628,240.0
1627,1628,540.0
1627,1628,780.0
1627,1628,170.0
1627,1629,10.0
1628,1627,10.0
1628,1627,450.0
1628,1627,500.0
1628,1627,10.0
1629,1630,500.0
1630,1631,460.0
1630,1631,260.0
1630,1631,690.0
1630,1631,170.0
1630,1631,10.0
1630,1631,780.0
1630,1631,790.0
1630,1632,160.0
1631,1630,10.0
1631,1630,70.0
1631,1630,880.0
1631,1630,10.0
1631,1630,160.0
1631,1630,560.0
1631,1630,200.0
1632,1633,40.0
1632,1633,10.0
1633,1632,470.0
1633,1634,480.0
1634,1635,770.0
1635,1636,180.0
1635,1636,10.0
1635,1636,490.0
1636,1635,460.0
1636,1635,10.0
1636,1637,160.0
1637,1638,200.0
1638,1639,180.0
1638,1639,420.0
1638,1639,960.0
1638,1639,960.0
1638,1639,960.0
1638,1639,10.0
1639,1638,350.0
1639,1638,10.0
1639,1638,590.0
1639,1638,220.0
1639,1638,20.0
1639,1640,720.0
1639,1641,180.0
1640,1639,10.0
1641,1642,760.0
1641,1643,10.0
1641,1642,950.0
1642,1641,10.0
1642,1644,440.0
1642,1644,60.0
1642,1644,40.0
1643,1641,420.0
1644,1642,580.0
1644,1642,380.0
1644,1645,800.0
1645,1646,160.0
1646,1647,30.0
1646,1648,60.0
1647,1646,500.0
1648,1649,370.0
1648,1649,50.0
1648,1649,50.0
1648,1649,850.0
1648,1650,10.0
1649,1648,10.0
1649,1648,950.0
1649,1648,950.0
1649,1648,10.0
1650,1651,220.0
1650,1651,710.0
1650,1651,10.0
1651,1650,10.0
1651,1650,650.0
1651,1652,320.0
1652,1653,380.0
1652,1653,580.0
1652,1654,830.0
1653,1652,130.0
1653,1654,170.0
1654,1652,430.0
1654,1655,340.0
1655,1656,10.0
1655,1656,950.0
1656,1655,10.0
1656,1657,960.0
1656,1658,950.0
1657,1656,10.0
1658,1659,130.0
1659,1660,390.0
1660,1661,430.0
1661,1662,10.0
1661,1663,540.0
1661,1662,420.0
1661,1662,630.0
1661,1662,330.0
1662,1661,190.0
1662,1661,770.0
1662,1661,530.0
1662,1664,20.0
1663,1661,410.0
1664,1665,10.0
1665,1666,460.0
1665,1669,490.0
1666,1667,960.0
1667,1668,930.0
1667,1668,30.0
1667,1668,570.0
1667,1665,380.0
1668,1667,10.0
1668,1667,700.0
1668,1667,250.0
1669,1670,10.0
1669,1670,20.0
1669,1671,140.0
1670,1669,800.0
1670,1669,180.0
1671,1672,10.0
1672,1673,760.0
1672,1673,10.0
1672,1673,440.0
1672,1673,490.0
1672,1675,10.0
1673,1674,10.0
1673,1672,10.0
1673,1672,30.0
1673,1672,940.0
1673,1672,960.0
1674,1673,950.0
1675,1676,10.0
1675,1677,210.0
1676,1675,530.0
1677,1678,210.0
1678,1679,910.0
1678,1681,50.0
1679,1680,800.0
1679,1680,160.0
1679,1680,660.0
1679,1680,290.0
1679,1678,10.0
1680,1679,490.0
1680,1679,250.0
1680,1679,220.0
1680,1679,20.0
1681,1682,190.0
1681,1683,750.0
1682,1681,940.0
1683,1684,20.0
1684,1685,90.0
1684,1685,870.0
1685,1684,700.0
1685,1686,140.0
1686,1687,20.0
1687,1688,100.0
1687,1688,260.0
1687,1688,10.0
1687,1688,690.0
1687,1688,410.0
1687,1688,550.0
1687,1688,520.0
1687,1688,420.0
1687,1688,20.0
1687,1688,210.0
1687,1688,400.0
1687,1688,290.0
1688,1687,60.0
1688,1687,30.0
1688,1687,900.0
1688,1687,10.0
1688,1687,20.0
1688,1687,960.0
1688,1687,920.0
1688,1687,30.0
1688,1687,10.0
1688,1687,760.0
1688,1687,10.0
1688,1689,190.0
1689,1690,960.0
1690,1691,960.0
1690,1692,860.0
1691,1690,10.0
1692,1693,90.0
1693,1694,580.0
1694,1695,370.0
1695,1696,10.0
1696,1697,20.0
1697,1698,930.0
1698,1699,20.0
1699,1700,950.0
1699,1700,940.0
1699,1701,20.0
1700,1699,190.0
1700,1699,770.0
1701,1702,210.0
1701,1702,740.0
1701,1702,10.0
1701,1702,680.0
1701,1703,280.0
1702,1701,960.0
1702,1701,200.0
1702,1701,760.0
1702,1701,200.0
1703,1704,20.0
1703,1704,750.0
1703,1705,210.0
1704,1703,730.0
1704,1703,10.0
1705,1706,750.0
1706,1707,210.0
1707,1708,330.0
1708,1709,190.0
1709,1710,440.0
1710,1711,590.0
1710,1711,360.0
1711,1710,10.0
1711,1712,950.0
1712,1713,10.0
1712,1713,950.0
1712,1713,10.0
1712,1714,10.0
1713,1712,410.0
1713,1712,540.0
1713,1712,290.0
1714,1715,10.0
1714,1716,260.0
1715,1714,400.0
1716,1717,520.0
1717,1718,440.0
1717,1719,580.0
1717,1719,370.0
1717,1719,10.0
1717,1719,380.0
1717,1719,180.0
1717,1719,400.0
1717,1719,20.0
1717,1719,120.0
1717,1719,820.0
1717,1719,240.0
1717,1719,720.0
1718,1717,870.0
1719,1717,90.0
1719,1717,510.0
1719,1717,80.0
1719,1717,370.0
1719,1717,390.0
1719,1717,420.0
1719,1717,150.0
1719,1717,640.0
1719,1717,320.0
1719,1717,150.0
1719,1720,240.0
1720,1721,10.0
1721,1722,560.0
1721,1723,850.0
1722,1721,110.0
1723,1724,730.0
1723,1725,220.0
1724,1723,10.0
1725,1726,720.0
1726,1727,250.0
1726,1727,580.0
1726,1727,10.0
1726,1727,70.0
1726,1727,280.0
1726,1727,10.0
1726,1727,10.0
1726,1727,430.0
1726,1727,530.0
1726,1727,960.0
1726,1727,950.0
1727,1726,10.0
1727,1726,380.0
1727,1726,50.0
1727,1726,530.0
1727,1726,290.0
1727,1726,10.0
1727,1726,650.0
1727,1726,10.0
1727,1726,950.0
1727,1726,10.0
1727,1728,960.0
1728,1729,490.0
1729,1730,470.0
1729,1731,500.0
1729,1731,440.0
1730,1729,20.0
1731,1729,510.0
1731,1732,20.0
1732,1733,430.0
1733,1734,650.0
1733,1734,290.0
1733,1734,20.0
1734,1733,610.0
1734,1733,350.0
1734,1735,10.0
1735,1736,440.0
1735,1736,500.0
1735,1737,10.0
1736,1735,10.0
1736,1735,710.0
1737,1738,240.0
1738,1739,90.0
1739,1740,210.0
1739,1741,
1740,1741,
1740,1742,
1741,1739,
1741,1740,
1742,1743,
1742,1743,
1742,1744,
1743,1742,
1743,1742,
1744,1745,
1744,1745,
1744,1746,
1745,1744,
1745,1744,
1746,1747,
1746,1747,
1746,1747,
1746,1748,
1747,1746,
1747,1746,
1747,1746,
1748,1749,
1749,1750,
1750,1751,
1751,1752,
1751,1752,
1752,1751,
1752,1753,
1753,1754,
1753,1754,
1753,1754,
1754,1755,
1754,1753,
1754,1753,
1754,1756,
1755,1754,
1756,1757,
1756,1757,
1756,1757,
1756,1757,
1757,1756,
1757,1756,
1757,1756,
1757,1758,
1758,1759,
1759,1760,
1759,1761,
1759,1761,
1759,1761,
1759,1761,
1760,1759,
1761,1759,
1761,1759,
1761,1759,
1761,1762,
1762,1763,
1763,1764,
1763,1765,
1764,1763,
1765,1766,
1765,1766,
1765,1766,
1766,1765,
1766,1765,
1766,1767,
1767,1768,
1767,1768,
1767,1768,
1767,1768,
1767,1769,
1768,1767,
1768,1767,
1768,1767,
1768,1767,
1769,1770,
1769,1771,
1769,1771,
1770,1769,
1771,1769,
1771,1772,
1772,1773,
1772,1774,
1773,1772,
1774,1775,
1775,1776,
1776,1777,
1776,1778,
1777,1776,
1778,1779,
1778,1779,
1778,1779,
1778,1779,
1778,1779,
1779,1778,
1779,1778,
1779,1778,
1779,1778,
1779,1780,
1780,1781,
1781,1782,
1782,1783,
1782,1784,
1783,1782,
1784,1785,
1784,1785,
1784,1785,
1785,1784,
1785,1784,
1785,1786,
1786,1787,
1787,1788,
1788,1789,
1789,1790,
1790,1791,
1791,1792,
1791,1792,
1791,1793,
1792,1791,
1792,1791,
1793,1794,
1793,1794,
1793,1794,
1793,1795,
1794,1793,
1794,1793,
1794,1793,
1795,1796,
1795,1797,
1796,1795,
1796,1799,
1797,1798,
1797,1798,
1797,1798,
1797,1796,
1798,1797,
1798,1797,
1798,1797,
1799,1800,
1799,1800,
1800,1799,
1800,1801,
1801,1802,
1801,1802,
1801,1802,
1801,1802,
1801,1802,
1802,1801,
1802,1801,
1802,1801,
1802,1801,
1802,1803,
1803,1804,
1803,1804,
1803,1804,
1804,1803,
1804,1803,
1804,1805,
1805,1806,
1805,1807,
1806,1805,
1807,1808,
1808,1809,
1809,1810,
1809,1810,
1809,1811,
1810,1809,
1810,1809,
1811,1812,
1811,1812,
1811,1812,
1811,1813,
1812,1811,
1812,1811,
1812,1811,
1813,1814,
1814,1815,
1814,1815,
1814,1815,
1814,1815,
1815,1814,
1815,1814,
1815,1814,
1815,1816,
1816,1817,
1817,1818,
1817,1819,
1817,1820,
1818,1817,
1819,1817,
1819,1821,
1819,1820,
1819,1820,
1819,1820,
1819,1820,
1820,1821,
1820,1821,
1820,1821,
1820,1821,
1820,1819,
1820,1819,
1820,1821,
1820,1819,
1820,1822,
1821,1819,
1821,1820,
1821,1820,
1821,1820,
1821,1820,
1821,1819,
1822,1823,
1822,1824,
1823,1822,
1824,1825,
1825,1826,
1826,1827,
1827,1828,
1827,1828,
1828,1827,
1828,1829,
1829,1830,
1829,1830,
1829,1831,
1830,1829,
1830,1829,
1831,1832,
1831,1833,
1832,1831,
1833,1834,
1834,1835,
1835,1836,
1836,1837,
1836,1837,
1837,1836,
1837,1838,
1837,1838,
1837,1839,
1838,1837,
1838,1837,
1839,1840,
1839,1841,
1840,1839,
1841,1842,
1842,1843,
1843,1844,
1844,1845,
1844,1845,
1845,1844,
1845,1846,
1846,1847,
1847,1848,
1847,1848,
1848,1847,
1848,1849,
1849,1850,
1849,1851,
1850,1849,
1851,1852,
1851,1853,
1851,1852,
1852,1853,
1852,1854,
1853,1851,
1853,1851,
1854,1855,
1854,1855,
1854,1855,
1855,1854,
1855,1854,
1855,1856,
1856,1857,
1856,1857,
1857,1856,
1857,1858,
1858,1859,
1858,1860,
1859,1858,
1860,1861,
1860,1862,
1861,1860,
1862,1863,
1862,1863,
1862,1863,
1863,1862,
1863,1862,
1863,1864,
1864,1865,
1864,1865,
1864,1865,
1864,1865,
1865,1864,
1865,1864,
1865,1864,
1865,1866,
1866,1867,
1866,1867,
1866,1868,
1866,1868,
1866,1868,
1867,1866,
1867,1866,
1868,1869,
1868,1866,
1868,1866,
1868,1870,
1869,1868,
1870,1871,
1871,1872,
1872,1873,
1873,1874,
1873,1874,
1873,1874,
1873,1874,
1873,1874,
1874,1873,
1874,1873,
1874,1873,
1874,1873,
1874,1875,
1875,1876,
1875,1876,
1875,1876,
1875,1876,
1875,1877,
1876,1875,
1876,1875,
1876,1875,
1876,1875,
1877,1878,
1877,1878,
1878,1877,
1878,1879,
1879,1880,
1879,1880,
1880,1879,
1880,1881,
1881,1882,
1882,1883,
1882,1884,
1883,1882,
1884,1885,
1885,1886,
1886,1887,
1887,1888,
1887,1888,
1887,1888,
1888,1887,
1888,1887,
1888,1889,
1889,1890,
1889,1890,
1889,1890,
1889,1890,
1889,1890,
1890,1889,
1890,1889,
1890,1889,
1890,1889,
1890,1891,
1891,1892,
1891,1892,
1892,1891,
1892,1893,
1892,1894,
1893,1892,
1894,1895,
1895,1896,
1895,1896,
1896,1895,
1896,1897,
1897,1898,
1898,1899,
1899,1900,
1900,1901,
1900,1901,
1901,1900,
1901,1902,
1902,1903,
1903,1904,
1904,1905,
1905,1906,
1905,1907,
1906,1905,
1907,1908,
1908,1909,
1909,1910,
1910,1911,
1911,1912,
1912,1913,
1912,1914,
1913,1912,
1914,1915,
1915,1916,
1916,1917,
1917,1918,
1918,1919,
1918,1919,
1918,1920,
1919,1918,
1919,1918,
1920,1921,
1921,1922,
1921,1922,
1921,1922,
1921,1922,
1921,1922,
1921,1923,
1922,1921,
1922,1921,
1922,1921,
1922,1921,
1922,1921,
1923,1924,
1923,1924,
1923,1924,
1923,1924,
1923,1925,
1924,1923,
1924,1923,
1924,1923,
1924,1923,
1925,1926,
1925,1928,
1925,1928,
1925,1929,
1926,1927,
1927,1925,
1928,1925,
1928,1925,
1929,1930,
1930,1931,
1931,1932,
1931,1932,
1931,1932,
1931,1933,
1931,1934,
1932,1931,
1932,1931,
1932,1931,
1933,1931,
1934,1935,
1934,1935,
1934,1935,
1934,1935,
1935,1934,
1935,1936,
1935,1934,
1935,1934,
1935,1937,
1936,1935,
1937,1938,
1937,1938,
1937,1939,
1938,1937,
1938,1937,
1939,1940,
1939,1941,
1939,1940,
1939,1941,
1939,1942,
1939,1942,
1939,1942,
1940,1941,
1940,1941,
1940,1939,
1941,1939,
1941,1940,
1941,1939,
1941,1939,
1942,1939,
1942,1939,
1942,1943,
1943,1944,
1944,1945,
1945,1946,
1945,1947,
1946,1945,
1947,1948,
1948,1949,
1949,1950,
1950,1951,
1951,1952,
1951,1953,
1952,1951,
1953,1954,
1954,1955,
1955,1956,
1956,1957,
1957,1958,
1958,1959,
1959,1960,
1960,1961,
1960,1961,
1960,1962,
1961,1960,
1961,1960,
1962,1963,
1962,1963,
1962,1963,
1963,1962,
1963,1962,
1963,1964,
1964,1965,
1965,1966,
1965,1966,
1965,1966,
1965,1967,
1966,1965,
1966,1965,
1966,1965,
1967,1968,
1967,1969,
1967,1968,
1967,1968,
1967,1968,
1967,1968,
1967,1969,
1968,1967,
1968,1969,
1968,1967,
1968,1967,
1968,1967,
1968,1967,
1969,1968,
1969,1970,
1969,1971,
1970,1967,
1971,1972,
1971,1972,
1971,1972,
1971,1972,
1971,1972,
1971,1972,
1971,1973,
1972,1971,
1972,1971,
1972,1971,
1972,1971,
1972,1971,
1972,1971,
1973,1974,
1973,1974,
1973,1974,
1974,1973,
1974,1973,
1974,1975,
1975,1976,
1975,1976,
1976,1975,
1976,1977,
1977,1978,
1977,1979,
1978,1977,
1979,1980,
1980,1981,
1980,1981,
1980,1981,
1980,1981,
1980,1981,
1980,1981,
1980,1981,
1980,1981,
1980,1981,
1980,1981,
1981,1980,
1981,1980,
1981,1980,
1981,1980,
1981,1980,
1981,1980,
1981,1980,
1981,1980,
1981,1980,
1981,1982,
1982,1983,
1983,1984,
1983,1984,
1983,1985,
1984,1983,
1984,1983,
1985,1986,
1985,1986,
1986,1985,
1986,1987,
1987,1988,
1988,1989,
1989,1990,
1990,1991,
1990,1992,
1991,1990,
1992,1993,
1993,1994,
1993,1994,
1993,1994,
1993,1994,
1993,1995,
1994,1993,
1994,1993,
1994,1993,
1994,1993,
1995,1996,
1996,1997,
1996,1998,
1996,1998,
1996,1999,
1996,1999,
1996,1999,
1997,1996,
1998,1996,
1998,1996,
1999,1996,
1999,1996,
1999,2000,
2000,2001,
2001,2002,
2001,2002,
2001,2002,
2002,2001,
2002,2001,
2002,2003,
2003,2004,
2003,2005,
2003,2006,
2004,2003,
2005,2003,
2006,2007,
2007,2008,
2007,2008,
2007,2009,
2007,2009,
2007,2009,
2008,2007,
2008,2009,
2009,2007,
2009,2007,
2009,2007,
2009,2010,
2010,2011,
2011,2012,
2011,2012,
2011,2012,
2012,2011,
2012,2011,
2012,2013,
2013,2014,
2014,2015,
2015,2016,
2015,2017,
2015,2016,
2015,2017,
2016,2015,
2016,2015,
2017,2015,
2017,2018,
2018,2019,
2018,2020,
2019,2018,
2020,2021,
2021,2022,
2021,2022,
2021,2022,
2021,2022,
2021,2022,
2021,2022,
2021,2022,
2021,2022,
2021,2023,
2022,2021,
2022,2021,
2022,2021,
2022,2021,
2022,2021,
2022,2021,
2022,2021,
2022,2021,
2023,2024,
2023,2024,
2023,2024,
2023,2024,
2024,2023,
2024,2025,
2024,2023,
2024,2023,
2024,2026,
2025,2024,
2026,2027,
2027,2028,
2028,2029,
2029,2030,
2030,2031,
2031,2032,
2032,2033,
2033,2034,
2034,2035,
2034,2035,
2034,2035,
2035,2034,
2035,2034,
2035,2036,
2036,2037,
2036,2038,
2037,2036,
2038,2039,
2038,2040,
2039,2038,
2040,2041,
2041,2042,
2042,2043,
2042,2043,
2042,2043,
2042,2044,
2043,2042,
2043,2042,
2043,2042,
2044,2045,
2044,2045,
2044,2045,
2044,2045,
2045,2044,
2045,2044,
2045,2044,
2045,2046,
2046,2047,
2046,2047,
2046,2047,
2046,2047,
2046,2047,
2046,2049,
2047,2048,
2047,2046,
2047,2046,
2047,2046,
2047,2046,
2047,2046,
2048,2047,
2049,2050,
2049,2050,
2049,2050,
2050,2049,
2050,2049,
2050,2051,
2051,2052,
2051,2052,
2052,2051,
2052,2053,
2053,2054,
2054,2055,
2054,2056,
2055,2054,
2056,2057,
2057,2058,
2058,2059,
2058,2059,
2058,2059,
2058,2060,
2059,2058,
2059,2058,
2059,2058,
2059,2061,
2060,2059,
2061,2062,
2062,2063,
2063,2064,
2064,2065,
2065,2066,
2065,2066,
2065,2066,
2065,2066,
2066,2065,
2066,2065,
2066,2065,
2066,2067,
2067,2068,
2068,2069,
2069,2070,
2069,2070,
2069,2070,
2069,2071,
2070,2069,
2070,2069,
2070,2069,
2071,2072,
2071,2073,
2071,2073,
2072,2071,
2073,2071,
2073,2074,
2073,2074,
2074,2073,
2074,2075,
2074,2076,
2075,2074,
2076,2077,
2077,2078,
2078,2079,
2079,2080,
2080,2081,
2080,2081,
2080,2082,
2081,2080,
2081,2080,
2082,2083,
2083,2084,
2084,2085,
2085,2086,
2086,2087,
2087,2088,
2088,2089,
2088,2089,
2088,2090,
2089,2088,
2089,2088,
2090,2091,
2090,2091,
2090,2091,
2090,2091,
2091,2090,
2091,2092,
2091,2090,
2091,2090,
2091,2093,
2092,2091,
2093,2094,
2093,2094,
2093,2095,
2094,2093,
2094,2093,
2095,2096,
2095,2097,
2096,2095,
2097,2098,
2098,2099,
2098,2099,
2098,2099,
2098,2099,
2099,2098,
2099,2098,
2099,2098,
2099,2100,
2100,2101,
2101,2102,
2102,2103,
2102,2103,
2102,2104,
2102,2103,
2102,2103,
2102,2103,
2103,2102,
2103,2102,
2103,2102,
2103,2102,
2103,2105,
2104,2102,
2105,2106,
2105,2106,
2105,2106,
2105,2106,
2105,2106,
2105,2107,
2106,2105,
2106,2105,
2106,2105,
2106,2105,
2106,2105,
2107,2108,
2107,2108,
2108,2107,
2108,2109,
2109,2110,
2109,2110,
2109,2110,
2109,2110,
2109,2111,
2110,2109,
2110,2109,
2110,2109,
2110,2109,
2111,2112,
2112,2113,
2112,2114,
2113,2114,
2114,2112,
2114,2115,
2114,2115,
2114,2116,
2115,2114,
2115,2114,
2116,2117,
2116,2117,
2116,2117,
2116,2117,
2116,2117,
2116,2117,
2116,2117,
2116,2117,
2116,2118,
2116,2118,
2117,2116,
2117,2116,
2117,2116,
2117,2116,
2117,2116,
2117,2116,
2117,2116,
2117,2116,
2118,2116,
2118,2119,
2119,2120,
2119,2121,
2119,2121,
2119,2121,
2119,2121,
2119,2121,
2119,2121,
2119,2121,
2119,2121,
2119,2121,
2119,2122,
2120,2119,
2121,2119,
2121,2119,
2121,2119,
2121,2119,
2121,2119,
2121,2119,
2121,2119,
2121,2119,
2121,2119,
2122,2123,
2123,2124,
2123,2124,
2123,2124,
2123,2124,
2123,2124,
2123,2125,
2124,2123,
2124,2123,
2124,2123,
2124,2123,
2124,2123,
2125,2126,
2125,2126,
2125,2126,
2125,2126,
2125,2126,
2125,2127,
2126,2125,
2126,2125,
2126,2125,
2126,2125,
2126,2125,
2127,2128,
2127,2128,
2128,2129,
2128,2129,
2128,2129,
2128,2127,
2128,2130,
2129,2128,
2129,2128,
2129,2128,
2130,2131,
2130,2131,
2130,2131,
2130,2131,
2130,2131,
2130,2131,
2130,2131,
2130,2133,
2131,2132,
2131,2130,
2131,2130,
2131,2130,
2131,2130,
2131,2130,
2131,2130,
2131,2130,
2132,2131,
2133,2134,
2133,2134,
2133,2134,
2133,2135,
2134,2133,
2134,2133,
2134,2133,
2135,2136,
2135,2136,
2136,2135,
2136,2137,
2137,2138,
2137,2138,
2137,2138,
2137,2140,
2138,2137,
2138,2137,
2138,2139,
2138,2137,
2139,2138,
2140,2141,
2141,2142,
2141,2143,
2141,2142,
2141,2144,
2142,2141,
2142,2141,
2143,2141,
2144,2145,
2144,2145,
2144,2145,
2144,2145,
2144,2145,
2144,2145,
2144,2145,
2144,2145,
2144,2145,
2145,2144,
2145,2144,
2145,2144,
2145,2144,
2145,2144,
2145,2144,
2145,2144,
2145,2144,
2145,2146,
2146,2147,
2146,2147,
2147,2146,
2147,2148,
2148,2149,
2148,2149,
2149,2148,
2149,2150,
2150,2151,
2151,2152,
2151,2153,
2152,2151,
2153,2154,
2154,2155,
2154,2155,
2154,2155,
2154,2155,
2155,2154,
2155,2154,
2155,2154,
2155,2156,
2156,2157,
2156,2157,
2156,2157,
2156,2157,
2157,2156,
2157,2156,
2157,2156,
2157,2158,
2158,2159,
2158,2159,
2158,2160,
2159,2158,
2159,2158,
2160,2161,
2160,2162,
2161,2160,
2162,2163,
2162,2163,
2162,2163,
2162,2163,
2162,2163,
2163,2162,
2163,2162,
2163,2162,
2163,2162,
2163,2164,
2164,2165,
2164,2166,
2164,2168,
2165,2164,
2165,2167,
2165,2167,
2165,2167,
2165,2167,
2165,2164,
2166,2167,
2167,2165,
2167,2165,
2167,2165,
2167,2165,
2167,2165,
2168,2169,
2168,2169,
2168,2169,
2168,2169,
2168,2169,
2168,2170,
2168,2170,
2169,2168,
2169,2168,
2169,2168,
2169,2168,
2169,2168,
2170,2168,
2170,2171,
2171,2172,
2172,2173,
2173,2174,
2173,2176,
2174,2175,
2175,2173,
2176,2177,
2176,2177,
2177,2176,
2177,2178,
2178,2179,
2178,2179,
2178,2179,
2178,2180,
2179,2178,
2179,2178,
2179,2178,
2180,2181,
2180,2181,
2180,2181,
2180,2182,
2181,2180,
2181,2180,
2181,2180,
2182,2183,
2183,2184,
2184,2185,
2185,2186,
2186,2187,
2187,2188,
2188,2189,
2189,2190,
2189,2190,
2189,2191,
2190,2189,
2190,2189,
2191,2192,
2192,2193,
2192,2194,
2192,2194,
2192,2194,
2192,2195,
2193,2192,
2194,2192,
2194,2192,
2194,2192,
2195,2196,
2196,2197,
2196,2197,
2196,2197,
2197,2196,
2197,2196,
2197,2198,
2198,2199,
2199,2200,
2199,2201,
2200,2201,
2201,2199,
2201,2202,
2202,2203,
2202,2203,
2202,2203,
2202,2204,
2203,2202,
2203,2202,
2203,2202,
2204,2205,
2204,2205,
2204,2206,
2205,2204,
2205,2204,
2206,2207,
2206,2208,
2206,2209,
2206,2209,
2207,2206,
2208,2206,
2209,2206,
2209,2210,
2210,2211,
2210,2211,
2210,2211,
2210,2212,
2211,2210,
2211,2210,
2211,2210,
2212,2213,
2213,2214,
2213,2214,
2213,2214,
2213,2214,
2213,2214,
2213,2214,
2213,2214,
2213,2214,
2213,2214,
2213,2214,
2213,2214,
2213,2214,
2213,2214,
2213,2215,
2214,2213,
2214,2213,
2214,2213,
2214,2213,
2214,2213,
2214,2213,
2214,2213,
2214,2213,
2214,2213,
2214,2213,
2214,2213,
2214,2213,
2214,2213,
2215,2216,
2216,2217,
2216,2217,
2216,2218,
2217,2216,
2217,2216,
2218,2219,
2219,2220,
2220,2221,
2221,2222,
2222,2223,
2222,2223,
2222,2224,
2223,2222,
2223,2222,
2224,2225,
2225,2226,
2226,2227,
2227,2228,
2227,2229,
2227,2230,
2228,2227,
2229,2230,
2230,2227,
2230,2231,
2231,2232,
2232,2233,
2232,2234,
2233,2232,
2234,2235,
2234,2236,
2235,2234,
2236,2237,
2237,2238,
2237,2238,
2237,2239,
2238,2237,
2238,2237,
2239,2240,
2240,2241,
2241,2242,
2242,2243,
2243,2244,
2243,2244,
2243,2244,
2243,2245,
2244,2243,
2244,2243,
2244,2243,
2245,2246,
2245,2246,
2245,2246,
2245,2247,
2246,2245,
2246,2245,
2246,2245,
2247,2248,
2247,2248,
2247,2248,
2248,2247,
2248,2249,
2248,2247,
2248,2250,
2249,2248,
2250,2251,
2251,2252,
2251,2254,
2252,2253,
2253,2251,
2254,2255,
2254,2256,
2255,2254,
2256,2257,
2257,2258,
2257,2259,
2258,2257,
2259,2260,
2259,2261,
2260,2259,
2261,2262,
2262,2263,
2263,2264,
2264,2265,
2265,2266,
2266,2267,
2266,2267,
2266,2267,
2266,2267,
2266,2267,
2266,2267,
2266,2267,
2266,2267,
2267,2266,
2267,2266,
2267,2266,
2267,2266,
2267,2266,
2267,2266,
2267,2266,
2267,2268,
2268,2269,
2268,2269,
2268,2269,
2268,2269,
2268,2269,
2268,2269,
2268,2269,
2268,2269,
2269,2268,
2269,2268,
2269,2268,
2269,2268,
2269,2268,
2269,2268,
2269,2268,
2269,2270,
2270,2271,
2270,2271,
2270,2271,
2270,2271,
2270,2271,
2270,2271,
2270,2271,
2270,2271,
2270,2271,
2270,2272,
2271,2272,
2271,2270,
2271,2270,
2271,2270,
2271,2270,
2271,2270,
2271,2270,
2271,2270,
2271,2270,
2272,2270,
2272,2273,
2273,2274,
2273,2274,
2273,2274,
2273,2274,
2273,2274,
2273,2274,
2273,2274,
2273,2274,
2274,2273,
2274,2273,
2274,2273,
2274,2273,
2274,2273,
2274,2273,
2274,2273,
2274,2275,
2275,2276,
2276,2277,
2276,2277,
2276,2277,
2276,2277,
2276,2277,
2277,2276,
2277,2276,
2277,2276,
2277,2276,
2277,2278,
2278,2279,
2278,2279,
2278,2279,
2278,2279,
2278,2279,
2278,2279,
2278,2280,
2279,2278,
2279,2278,
2279,2278,
2279,2278,
2279,2278,
2279,2278,
2280,2281,
2280,2281,
2280,2281,
2280,2281,
2280,2281,
2280,2281,
2280,2281,
2280,2281,
2280,2282,
2281,2280,
2281,2280,
2281,2280,
2281,2280,
2281,2280,
2281,2280,
2281,2280,
2281,2280,
2282,2283,
2283,2284,
2283,2284,
2284,2283,
2284,2285,
2285,2286,
2286,2287,
2287,2288,
2288,2289,
2289,2290,
2290,2291,
2290,2292,
2290,2292,
2290,2292,
2290,2292,
2291,2290,
2292,2290,
2292,2290,
2292,2290,
2292,2293,
2293,2294,
2294,2295,
2295,2296,
2296,2297,
2297,2298,
2298,2299,
2298,2299,
2298,2299,
2298,2300,
2299,2298,
2299,2298,
2299,2298,
2300,2301,
2301,2302,
2302,2303,
2302,2303,
2302,2303,
2303,2302,
2303,2302,
2303,2304,
2304,2305,
2305,2306,
2305,2307,
2305,2308,
2306,2305,
2307,2305,
2308,2309,
2309,2310,
2309,2312,
2310,2311,
2311,2309,
2312,2313,
2312,2314,
2313,2312,
2314,2315,
2315,2316,
2316,2317,
2317,2318,
2317,2318,
2317,2318,
2317,2319,
2318,2317,
2318,2317,
2318,2317,
2319,2320,
2320,2321,
2321,2322,
2322,2323,
2322,2323,
2322,2323,
2322,2323,
2322,2324,
2323,2322,
2323,2322,
2323,2322,
2323,2322,
2324,2325,
2324,2325,
2324,2326,
2324,2325,
2324,2327,
2325,2324,
2325,2324,
2325,2324,
2326,2324,
2327,2328,
2327,2328,
2327,2329,
2327,2329,
2327,2329,
2327,2329,
2328,2327,
2328,2327,
2329,2327,
2329,2327,
2329,2327,
2329,2330,
2330,2331,
2331,2332,
2331,2333,
2332,2331,
2333,2334,
2333,2335,
2334,2333,
2335,2336,
2336,2337,
2336,2337,
2337,2336,
2337,2338,
2338,2339,
2339,2340,
2340,2341,
2340,2341,
2340,2341,
2341,2340,
2341,2340,
2341,2342,
2342,2343,
2342,2344,
2342,2344,
2342,2344,
2342,2344,
2342,2344,
2343,2342,
2344,2342,
2344,2342,
2344,2342,
2344,2342,
2344,2345,
2345,2346,
2345,2347,
2346,2345,
2346,2347,
2347,2348,
2347,2346,
2347,2348,
2347,2349,
2348,2347,
2348,2347,
2349,2350,
2349,2350,
2349,2350,
2349,2350,
2349,2350,
2349,2350,
2349,2350,
2349,2350,
2349,2350,
2350,2349,
2350,2351,
2350,2349,
2350,2349,
2350,2349,
2350,2349,
2350,2349,
2350,2349,
2350,2351,
2350,2352,
2351,2349,
2351,2350,
2352,2353,
2353,2354,
2353,2354,
2353,2354,
2353,2354,
2353,2355,
2354,2353,
2354,2353,
2354,2353,
2354,2353,
2355,2356,
2355,2356,
2355,2356,
2356,2355,
2356,2355,
2356,2357,
2357,2358,
2358,2359,
2359,2360,
2359,2360,
2360,2359,
2360,2361,
2361,2362,
2362,2363,
2363,2364,
2363,2364,
2363,2364,
2363,2364,
2364,2363,
2364,2363,
2364,2363,
2364,2365,
2364,2366,
2365,2364,
2366,2367,
2367,2368,
2367,2369,
2368,2367,
2369,2370,
2369,2370,
2369,2370,
2369,2370,
2370,2369,
2370,2369,
2370,2369,
2370,2371,
2371,2372,
2372,2373,
2372,2373,
2372,2373,
2372,2373,
2372,2374,
2373,2372,
2373,2372,
2373,2372,
2373,2372,
2374,2375,
2375,2376,
2376,2377,
2377,2378,
2378,2379,
2379,2380,
2380,2381,
2381,2382,
2382,2383,
2383,2384,
2384,2385,
2385,2386,
2385,2387,
2385,2387,
2385,2388,
2386,2385,
2387,2385,
2387,2385,
2388,2389,
2388,2389,
2388,2389,
2389,2388,
2389,2388,
2389,2390,
2390,2391,
2390,2392,
2391,2390,
2392,2393,
2393,2394,
2394,2395,
2395,2396,
2395,2397,
2396,2395,
2397,2398,
2398,2399,
2399,2400,
2400,2401,
2400,2402,
2401,2400,
2402,2403,
2403,2404,
2403,2406,
2404,2405,
2405,2403,
2406,2407,
2406,2407,
2406,2407,
2406,2407,
2406,2407,
2406,2407,
2406,2407,
2406,2407,
2406,2407,
2407,2406,
2407,2406,
2407,2406,
2407,2406,
2407,2406,
2407,2406,
2407,2406,
2407,2406,
2407,2408,
2408,2409,
2409,2410,
2410,2411,
2410,2411,
2410,2411,
2410,2411,
2410,2411,
2410,2411,
2410,2411,
2410,2411,
2410,2411,
2410,2411,
2410,2411,
2410,2411,
2410,2412,
2411,2410,
2411,2410,
2411,2410,
2411,2410,
2411,2410,
2411,2410,
2411,2410,
2411,2410,
2411,2410,
2411,2410,
2411,2410,
2411,2410,
2412,2413,
2413,2414,
2413,2414,
2413,2414,
2413,2414,
2413,2414,
2413,2414,
2413,2414,
2413,2414,
2413,2414,
2413,2414,
2413,2414,
2413,2414,
2413,2414,
2413,2414,
2414,2413,
2414,2413,
2414,2413,
2414,2413,
2414,2413,
2414,2413,
2414,2413,
2414,2413,
2414,2413,
2414,2413,
2414,2413,
2414,2413,
2414,2413,
2414,2415,
2415,2416,
2416,2417,
2417,2418,
2418,2419,
2419,2420,
2420,2421,
2420,2421,
2420,2421,
2420,2421,
2420,2421,
2420,2421,
2420,2421,
2420,2421,
2420,2421,
2420,2421,
2421,2420,
2421,2420,
2421,2420,
2421,2420,
2421,2420,
2421,2420,
2421,2420,
2421,2420,
2421,2420,
2421,2422,
2422,2423,
2423,2424,
2423,2424,
2423,2424,
2423,2424,
2423,2424,
2423,2424,
2423,2424,
2424,2423,
2424,2423,
2424,2423,
2424,2423,
2424,2423,
2424,2423,
2424,2425,
2425,2426,
2426,2427,
2427,2428,
2427,2428,
2427,2428,
2428,2429,
2428,2429,
2428,2429,
2428,2429,
2428,2427,
2428,2427,
2428,2430,
2429,2428,
2429,2428,
2429,2428,
2429,2428,
2430,2431,
2431,2432,
2431,2432,
2431,2432,
2431,2433,
2432,2431,
2432,2431,
2432,2431,
2433,2434,
2433,2434,
2433,2434,
2433,2435,
2434,2433,
2434,2433,
2434,2433,
2435,2436,
2436,2437,
2436,2437,
2436,2437,
2436,2437,
2437,2436,
2437,2436,
2437,2436,
2437,2438,
2438,2439,
2439,2440,
2439,2440,
2439,2441,
2439,2441,
2440,2439,
2440,2439,
2441,2442,
2441,2443,
2442,2439,
2443,2444,
2444,2445,
2445,2446,
2446,2447,
2447,2448,
2447,2449,
2447,2450,
2448,2447,
2449,2447,
2450,2451,
2450,2452,
2451,2450,
2452,2453,
2453,2454,
2454,2455,
2455,2456,
2456,2457,
2457,2458,
2458,2459,
2459,2460,
2459,2461,
2459,2462,
2459,2460,
2459,2460,
2459,2461,
2460,2459,
2460,2459,
2460,2459,
2461,2462,
2461,2463,
2462,2459,
2462,2459,
2463,2464,
2463,2464,
2463,2464,
2463,2464,
2463,2464,
2463,2464,
2463,2464,
2463,2464,
2463,2464,
2464,2463,
2464,2463,
2464,2463,
2464,2463,
2464,2463,
2464,2463,
2464,2463,
2464,2463,
2464,2465,
2465,2466,
2465,2466,
2465,2467,
2466,2465,
2466,2465,
2467,2468,
2468,2469,
2469,2470,
2470,2471,
2471,2472,
2471,2473,
2472,2471,
2472,2473,
2472,2475,
2473,2474,
2473,2472,
2473,2472,
2474,2473,
2475,2476,
2476,2477,
2477,2478,
2478,2479,
2479,2480,
2479,2480,
2479,2480,
2479,2480,
2479,2480,
2479,2480,
2479,2480,
2479,2480,
2480,2479,
2480,2479,
2480,2481,
2480,2479,
2480,2479,
2480,2479,
2480,2479,
2480,2479,
2480,2482,
2481,2480,
2482,2483,
2483,2484,
2483,2484,
2483,2485,
2484,2483,
2484,2483,
2485,2486,
2485,2486,
2485,2486,
2485,2486,
2486,2485,
2486,2485,
2486,2485,
2486,2487,
2487,2488,
2487,2488,
2487,2489,
2488,2487,
2488,2487,
2489,2490,
2489,2491,
2489,2493,
2490,2489,
2490,2492,
2490,2489,
2491,2490,
2492,2490,
2493,2494,
2493,2495,
2494,2493,
2495,2496,
2496,2497,
2497,2498,
2498,2499,
2499,2500,
2500,2501,
2501,2502,
2502,2503,
2502,2503,
2502,2503,
2503,2502,
2503,2502,
2503,2504,
2504,2505,
2504,2505,
2504,2505,
2504,2505,
2505,2504,
2505,2504,
2505,2504,
2505,2506,
2506,2507,
2506,2507,
2506,2507,
2506,2507,
2506,2508,
2507,2506,
2507,2506,
2507,2506,
2507,2506,
2508,2509,
2508,2510,
2508,2510,
2508,2510,
2509,2508,
2510,2508,
2510,2508,
2510,2511,
2511,2512,
2512,2513,
2512,2514,
2513,2512,
2514,2515,
2515,2516,
2515,2516,
2515,2517,
2516,2515,
2516,2515,
2517,2518,
2518,2519,
2519,2520,
2520,2521,
2520,2521,
2520,2521,
2521,2520,
2521,2520,
2521,2522,
2522,2523,
2523,2524,
2524,2525,
2524,2525,
2525,2524,
2525,2526,
2526,2527,
2527,2528,
2528,2529,
2529,2530,
2530,2531,
2530,2533,
2530,2534,
2531,2532,
2531,2530,
2532,2531,
2533,2530,
2534,2535,
2535,2536,
2536,2537,
2537,2538,
2538,2539,
2539,2540,
2540,2541,
2541,2542,
2541,2542,
2541,2542,
2541,2542,
2541,2542,
2541,2542,
2541,2542,
2541,2542,
2542,2541,
2542,2541,
2542,2541,
2542,2541,
2542,2541,
2542,2541,
2542,2541,
2542,2543,
2543,2544,
2543,2544,
2543,2544,
2543,2544,
2543,2544,
2543,2545,
2544,2543,
2544,2543,
2544,2543,
2544,2543,
2544,2543,
2545,2546,
2545,2546,
2545,2546,
2545,2547,
2546,2545,
2546,2545,
2546,2545,
2547,2548,
2547,2548,
2547,2549,
2548,2547,
2548,2547,
2549,2550,
2550,2551,
2550,2552,
2550,2552,
2550,2553,
2551,2550,
2552,2550,
2552,2550,
2553,2554,
2553,2556,
2554,2555,
2555,2553,
2556,2557,
2556,2557,
2557,2556,
2557,2558,
2558,2559,
2558,2559,
2558,2560,
2559,2558,
2559,2558,
2560,2561,
2560,2562,
2560,2562,
2560,2561,
2560,2564,
2561,2560,
2561,2560,
2561,2563,
2561,2563,
2561,2560,
2562,2561,
2562,2560,
2563,2561,
2563,2561,
2564,2565,
2564,2566,
2564,2566,
2565,2564,
2566,2564,
2566,2567,
2567,2568,
2567,2568,
2567,2568,
2568,2567,
2568,2567,
2568,2569,
2569,2570,
2569,2570,
2569,2570,
2569,2571,
2570,2569,
2570,2569,
2570,2569,
2571,2572,
2572,2573,
2572,2575,
2572,2576,
2573,2574,
2574,2572,
2575,2572,
2576,2577,
2576,2577,
2577,2576,
2577,2578,
2577,2579,
2577,2580,
2578,2577,
2579,2577,
2580,2581,
2581,2582,
2581,2583,
2582,2581,
2583,2584,
2584,2585,
2584,2586,
2585,2584,
2586,2587,
2587,2588,
2588,2589,
2589,2590,
2589,2591,
2589,2591,
2590,2589,
2591,2589,
2591,2592,
2592,2593,
2592,2593,
2593,2592,
2593,2594,
2594,2595,
2595,2596,
2596,2597,
2597,2598,
2598,2599,
2599,2600,
2600,2601,
2601,2602,
2601,2603,
2602,2601,
2603,2604,
2603,2604,
2603,2604,
2603,2604,
2603,2604,
2603,2604,
2603,2604,
2603,2604,
2603,2604,
2603,2604,
2603,2604,
2603,2604,
2604,2603,
2604,2603,
2604,2603,
2604,2603,
2604,2603,
2604,2603,
2604,2603,
2604,2603,
2604,2603,
2604,2603,
2604,2603,
2604,2605,
2605,2606,
2606,2607,
2606,2607,
2606,2607,
2606,2608,
2607,2606,
2607,2606,
2607,2606,
2608,2609,
2609,2610,
2609,2610,
2610,2609,
2610,2611,
2611,2612,
2611,2613,
2611,2613,
2612,2613,
2612,2614,
2613,2611,
2613,2611,
2613,2612,
2614,2615,
2614,2615,
2614,2615,
2614,2615,
2614,2615,
2614,2615,
2615,2616,
2615,2614,
2615,2614,
2615,2614,
2615,2614,
2615,2617,
2616,2614,
2617,2618,
2617,2618,
2617,2618,
2618,2617,
2618,2617,
2618,2619,
2619,2620,
2619,2621,
2620,2619,
2620,2622,
2621,2620,
2622,2623,
2623,2624,
2624,2625,
2625,2626,
2626,2627,
2627,2628,
2628,2629,
2629,2630,
2630,2631,
2631,2632,
2632,2633,
2632,2634,
2633,2632,
2634,2635,
2634,2636,
2635,2634,
2636,2637,
2636,2637,
2636,2637,
2636,2637,
2636,2638,
2637,2636,
2637,2636,
2637,2636,
2637,2636,
2638,2639,
2638,2639,
2638,2639,
2638,2639,
2638,2640,
2639,2638,
2639,2638,
2639,2638,
2639,2638,
2640,2641,
2641,2642,
2641,2643,
2641,2643,
2641,2643,
2641,2643,
2641,2643,
2641,2643,
2642,2641,
2643,2641,
2643,2641,
2643,2641,
2643,2641,
2643,2641,
2643,2644,
2644,2645,
2644,2645,
2645,2644,
2645,2646,
2645,2647,
2646,2645,
2647,2648,
2647,2648,
2647,2648,
2647,2648,
2647,2649,
2648,2647,
2648,2647,
2648,2647,
2648,2647,
2649,2650,
2649,2650,
2649,2650,
2650,2649,
2650,2649,
2650,2651,
2651,2652,
2651,2652,
2652,2651,
2652,2653,
2653,2654,
2654,2655,
2655,2656,
2655,2657,
2656,2655,
2657,2658,
2657,2658,
2657,2658,
2658,2657,
2658,2657,
2658,2659,
2659,2660,
2659,2663,
2660,2661,
2660,2662,
2661,2660,
2662,2659,
2663,2664,
2663,2664,
2664,2663,
2664,2665,
2665,2666,
2665,2666,
2665,2667,
2666,2665,
2666,2665,
2667,2668,
2668,2669,
2668,2669,
2668,2669,
2668,2669,
2668,2670,
2669,2668,
2669,2668,
2669,2668,
2669,2668,
2670,2671,
2670,2672,
2670,2674,
2670,2675,
2671,2672,
2672,2670,
2672,2673,
2673,2670,
2674,2670,
2675,2676,
2676,2677,
2676,2677,
2676,2677,
2676,2677,
2676,2677,
2677,2676,
2677,2676,
2677,2676,
2677,2676,
2677,2678,
2678,2679,
2679,2680,
2680,2681,
2681,2682,
2681,2684,
2682,2683,
2683,2681,
2684,2685,
2684,2686,
2685,2684,
2686,2687,
2687,2688,
2688,2689,
2689,2690,
2690,2691,
2691,2692,
2691,2692,
2692,2691,
2692,2693,
2693,2694,
2694,2695,
2694,2695,
2695,2694,
2695,2696,
2696,2697,
2696,2698,
2696,2698,
2696,2698,
2696,2698,
2696,2698,
2696,2698,
2696,2698,
2696,2699,
2697,2698,
2697,2698,
2698,2697,
2698,2696,
2698,2696,
2698,2696,
2698,2696,
2698,2696,
2698,2696,
2698,2696,
2698,2696,
2699,2700,
2699,2700,
2699,2700,
2699,2700,
2699,2700,
2699,2701,
2699,2700,
2699,2700,
2699,2700,
2699,2700,
2699,2700,
2699,2701,
2700,2699,
2700,2699,
2700,2699,
2700,2699,
2700,2699,
2700,2699,
2700,2699,
2700,2699,
2700,2699,
2700,2699,
2701,2699,
2701,2702,
2702,2703,
2702,2703,
2703,2702,
2703,2704,
2704,2705,
2705,2706,
2705,2706,
2705,2706,
2705,2706,
2705,2706,
2705,2706,
2706,2705,
2706,2705,
2706,2705,
2706,2705,
2706,2705,
2706,2707,
2707,2708,
2708,2709,
2709,2710,
2709,2710,
2709,2710,
2709,2710,
2709,2710,
2709,2710,
2709,2710,
2709,2710,
2709,2710,
2709,2710,
2709,2710,
2709,2710,
2709,2710,
2710,2709,
2710,2709,
2710,2709,
2710,2709,
2710,2709,
2710,2709,
2710,2709,
2710,2709,
2710,2709,
2710,2709,
2710,2709,
2710,2709,
2710,2711,
2711,2712,
